cell_id,park_distance_m,nearest_park_name,large_park_distance_m,nearest_large_park_name
TP_0001,334.97969794520753,NOVENA RISE PK,1780.6753152735653,MACRITCHIE RESERVOIR PK
TP_0002,241.41521131212508,NOVENA RISE PK,1820.3805199145431,MACRITCHIE RESERVOIR PK
TP_0003,150.19866494531198,NOVENA RISE PK,1863.8810425915578,MACRITCHIE RESERVOIR PK
TP_0004,82.21811810399538,NOVENA RISE PK,1910.7550353602808,MACRITCHIE RESERVOIR PK
TP_0005,104.69001355320847,NOVENA RISE PK,1960.90570488462,MACRITCHIE RESERVOIR PK
TP_0006,187.51047685657304,NOVENA RISE PK,2013.9248625119988,MACRITCHIE RESERVOIR PK
TP_0007,281.70970683344916,NOVENA RISE PK,2067.986054583852,MACRITCHIE RESERVOIR PK
TP_0008,378.8938359453691,NOVENA RISE PK,2123.2141071491533,MACRITCHIE RESERVOIR PK
TP_0009,439.66986464315573,TOA PAYOH TOWN PK,2181.4601359617704,MACRITCHIE RESERVOIR PK
TP_0010,436.1747722161421,TOA PAYOH TOWN PK,2242.654343581176,MACRITCHIE RESERVOIR PK
TP_0011,426.51226795617845,TOA PAYOH TOWN PK,2306.5620921138643,MACRITCHIE RESERVOIR PK
TP_0012,425.3931178134,TOA PAYOH TOWN PK,2372.964151598135,MACRITCHIE RESERVOIR PK
TP_0013,447.17055434811493,TOA PAYOH TOWN PK,2441.657028487626,MACRITCHIE RESERVOIR PK
TP_0014,488.8391398701576,TOA PAYOH TOWN PK,2512.452830354471,MACRITCHIE RESERVOIR PK
TP_0015,545.8625327515992,TOA PAYOH TOWN PK,2585.178795509,MACRITCHIE RESERVOIR PK
TP_0016,613.9772835007708,TOA PAYOH TOWN PK,2659.676594013365,MACRITCHIE RESERVOIR PK
TP_0017,689.9060114595184,TOA PAYOH TOWN PK,2729.6518713604087,MACRITCHIE RESERVOIR PK
TP_0018,724.1363824592262,MAR THOMA ROAD PARK,2801.3137451586335,MACRITCHIE RESERVOIR PK
TP_0019,625.4367277304717,MAR THOMA ROAD PARK,2874.668338923292,MACRITCHIE RESERVOIR PK
TP_0020,527.2273706734749,MAR THOMA ROAD PARK,2949.589364437244,MACRITCHIE RESERVOIR PK
TP_0021,429.8445072120048,MAR THOMA ROAD PARK,3025.960472113708,MACRITCHIE RESERVOIR PK
TP_0022,334.01182669689524,MAR THOMA ROAD PARK,3103.6746187040812,MACRITCHIE RESERVOIR PK
TP_0023,241.5812500308381,MAR THOMA ROAD PARK,3182.6334219921137,MACRITCHIE RESERVOIR PK
TP_0024,158.61620459312422,MAR THOMA ROAD PARK,3262.7465207665978,MACRITCHIE RESERVOIR PK
TP_0025,109.34669795011352,MAR THOMA ROAD PARK,3343.930953050294,MACRITCHIE RESERVOIR PK
TP_0026,136.94634111818718,MAR THOMA ROAD PARK,3426.1105613743925,MACRITCHIE RESERVOIR PK
TP_0027,136.27433941238775,ST MICHAEL'S PG,3509.2154306560415,MACRITCHIE RESERVOIR PK
TP_0028,36.47623302193107,ST MICHAEL'S PG,3593.1813617945554,MACRITCHIE RESERVOIR PK
TP_0029,33.53255199080975,ST MICHAEL'S PG,3677.9493822972986,MACRITCHIE RESERVOIR PK
TP_0030,373.5587222656177,NOVENA RISE PK,1688.5014719936491,MACRITCHIE RESERVOIR PK
TP_0031,289.38952809998034,NOVENA RISE PK,1729.8705039520219,MACRITCHIE RESERVOIR PK
TP_0032,218.96684444713947,NOVENA RISE PK,1775.1004813492093,MACRITCHIE RESERVOIR PK
TP_0033,179.29489384906142,NOVENA RISE PK,1823.794905621798,MACRITCHIE RESERVOIR PK
TP_0034,190.64846958094012,NOVENA RISE PK,1875.8524895564665,MACRITCHIE RESERVOIR PK
TP_0035,246.06303856281033,NOVENA RISE PK,1929.5716957590257,MACRITCHIE RESERVOIR PK
TP_0036,323.6467193406594,NOVENA RISE PK,1984.311720676635,MACRITCHIE RESERVOIR PK
TP_0037,345.0802965746102,TOA PAYOH TOWN PK,2041.6226842411008,MACRITCHIE RESERVOIR PK
TP_0038,339.68626494635885,TOA PAYOH TOWN PK,2102.1306726274197,MACRITCHIE RESERVOIR PK
TP_0039,336.53028088197976,TOA PAYOH TOWN PK,2165.56771881975,MACRITCHIE RESERVOIR PK
TP_0040,327.1573942870136,TOA PAYOH TOWN PK,2231.6840557720857,MACRITCHIE RESERVOIR PK
TP_0041,326.12617910463865,TOA PAYOH TOWN PK,2300.248661510428,MACRITCHIE RESERVOIR PK
TP_0042,354.0628259086034,TOA PAYOH TOWN PK,2371.0491527536255,MACRITCHIE RESERVOIR PK
TP_0043,405.41668032208685,TOA PAYOH TOWN PK,2443.891213775043,MACRITCHIE RESERVOIR PK
TP_0044,472.6149433485745,TOA PAYOH TOWN PK,2518.447561265654,MACRITCHIE RESERVOIR PK
TP_0045,549.8791546052382,TOA PAYOH TOWN PK,2588.2305691028046,MACRITCHIE RESERVOIR PK
TP_0046,633.5371217713817,TOA PAYOH TOWN PK,2659.943014207548,MACRITCHIE RESERVOIR PK
TP_0047,716.0585872792843,MAR THOMA ROAD PARK,2733.4330426818296,MACRITCHIE RESERVOIR PK
TP_0048,616.0661493780274,MAR THOMA ROAD PARK,2808.5611189394035,MACRITCHIE RESERVOIR PK
TP_0049,516.076641985021,MAR THOMA ROAD PARK,2885.199285805308,MACRITCHIE RESERVOIR PK
TP_0050,416.0921777630541,MAR THOMA ROAD PARK,2963.2303789622515,MACRITCHIE RESERVOIR PK
TP_0051,316.11754204514904,MAR THOMA ROAD PARK,3042.5472286881723,MACRITCHIE RESERVOIR PK
TP_0052,216.1663719955814,MAR THOMA ROAD PARK,3123.0518725745474,MACRITCHIE RESERVOIR PK
TP_0053,116.29918475551577,MAR THOMA ROAD PARK,3204.654795572324,MACRITCHIE RESERVOIR PK
TP_0054,17.97499284737312,MAR THOMA ROAD PARK,3287.274208029808,MACRITCHIE RESERVOIR PK
TP_0055,64.72291446126474,MAR THOMA ROAD PARK,3370.8353680907217,MACRITCHIE RESERVOIR PK
TP_0056,141.77444231757022,MAR THOMA ROAD PARK,3455.2699516484413,MACRITCHIE RESERVOIR PK
TP_0057,87.9885446315569,ST MICHAEL'S PG,3540.5154707694655,MACRITCHIE RESERVOIR PK
TP_0058,34.934009235541566,ST MICHAEL'S FC,3626.5147399054144,MACRITCHIE RESERVOIR PK
TP_0059,430.0383227068311,NOVENA RISE PK,1596.9212808755506,MACRITCHIE RESERVOIR PK
TP_0060,359.3509969232213,NOVENA RISE PK,1640.2787022214004,MACRITCHIE RESERVOIR PK
TP_0061,305.5050228440139,NOVENA RISE PK,1687.3629063688547,MACRITCHIE RESERVOIR PK
TP_0062,278.44837757855566,NOVENA RISE PK,1738.062459712158,MACRITCHIE RESERVOIR PK
TP_0063,285.8910263882697,NOVENA RISE PK,1791.5102387463605,MACRITCHIE RESERVOIR PK
TP_0064,325.4748207811885,NOVENA RISE PK,1845.7906755534602,MACRITCHIE RESERVOIR PK
TP_0065,275.8133041009291,TOA PAYOH TOWN PK,1902.0194648912845,MACRITCHIE RESERVOIR PK
TP_0066,246.32622901014898,TOA PAYOH TOWN PK,1961.7360232249644,MACRITCHIE RESERVOIR PK
TP_0067,239.7026652495619,TOA PAYOH TOWN PK,2024.6329061861231,MACRITCHIE RESERVOIR PK
TP_0068,236.88578954781738,TOA PAYOH TOWN PK,2090.4230635937874,MACRITCHIE RESERVOIR PK
TP_0069,227.80252061784861,TOA PAYOH TOWN PK,2158.8419962558646,MACRITCHIE RESERVOIR PK
TP_0070,227.5022301248417,TOA PAYOH TOWN PK,2229.6477176431204,MACRITCHIE RESERVOIR PK
TP_0071,266.0065125232305,TOA PAYOH TOWN PK,2302.6200565408844,MACRITCHIE RESERVOIR PK
TP_0072,331.3029802126246,TOA PAYOH TOWN PK,2377.0814581881214,MACRITCHIE RESERVOIR PK
TP_0073,410.8087933464447,TOA PAYOH TOWN PK,2446.809273085067,MACRITCHIE RESERVOIR PK
TP_0074,497.761051794691,TOA PAYOH TOWN PK,2518.577967593694,MACRITCHIE RESERVOIR PK
TP_0075,588.8703292548813,TOA PAYOH TOWN PK,2592.218034587695,MACRITCHIE RESERVOIR PK
TP_0076,682.4737831373066,TOA PAYOH TOWN PK,2667.5744973355477,MACRITCHIE RESERVOIR PK
TP_0077,622.8193160337432,MAR THOMA ROAD PARK,2744.5059771893934,MACRITCHIE RESERVOIR PK
TP_0078,524.1197386263993,MAR THOMA ROAD PARK,2822.883706216325,MACRITCHIE RESERVOIR PK
TP_0079,426.02711229553313,MAR THOMA ROAD PARK,2902.5905289611424,MACRITCHIE RESERVOIR PK
TP_0080,329.0846401823341,MAR THOMA ROAD PARK,2983.519924318963,MACRITCHIE RESERVOIR PK
TP_0081,234.72175100957693,MAR THOMA ROAD PARK,3065.5750682052367,MACRITCHIE RESERVOIR PK
TP_0082,146.4624526305096,MAR THOMA ROAD PARK,3148.6679499107,MACRITCHIE RESERVOIR PK
TP_0083,58.967913495031134,MAR THOMA ROAD PARK,3232.718549269045,MACRITCHIE RESERVOIR PK
TP_0084,35.349470616268704,MAR THOMA ROAD PARK,3317.6540776249512,MACRITCHIE RESERVOIR PK
TP_0085,130.46682532186998,MAR THOMA ROAD PARK,3403.4082827034986,MACRITCHIE RESERVOIR PK
TP_0086,159.68025871592275,ST MICHAEL'S FC,3489.920815544113,MACRITCHIE RESERVOIR PK
TP_0087,133.46379665157806,ST MICHAEL'S FC,3577.1366564280697,MACRITCHIE RESERVOIR PK
TP_0088,500.3196968062403,NOVENA RISE PK,1506.2914858923616,MACRITCHIE RESERVOIR PK
TP_0089,441.0441916696066,NOVENA RISE PK,1551.568953967175,MACRITCHIE RESERVOIR PK
TP_0090,398.3969866837664,NOVENA RISE PK,1600.738485137534,MACRITCHIE RESERVOIR PK
TP_0091,378.0480643938196,NOVENA RISE PK,1653.4316507439028,MACRITCHIE RESERVOIR PK
TP_0092,345.522611134204,TOA PAYOH TOWN PK,1707.440833030381,MACRITCHIE RESERVOIR PK
TP_0093,261.56981756780965,TOA PAYOH TOWN PK,1762.7061311639043,MACRITCHIE RESERVOIR PK
TP_0094,191.4338634635003,TOA PAYOH TOWN PK,1821.5002291616624,MACRITCHIE RESERVOIR PK
TP_0095,148.12487096650577,TOA PAYOH TOWN PK,1883.7710223987303,MACRITCHIE RESERVOIR PK
TP_0096,139.719065552765,TOA PAYOH TOWN PK,1949.1853284955557,MACRITCHIE RESERVOIR PK
TP_0097,137.20029056639547,TOA PAYOH TOWN PK,2017.437390556519,MACRITCHIE RESERVOIR PK
TP_0098,128.4476469486837,TOA PAYOH TOWN PK,2088.2489805597097,MACRITCHIE RESERVOIR PK
TP_0099,130.9818488423569,TOA PAYOH TOWN PK,2161.368544418521,MACRITCHIE RESERVOIR PK
TP_0100,190.15373969280012,TOA PAYOH TOWN PK,2235.722343869787,MACRITCHIE RESERVOIR PK
TP_0101,274.1544176411395,TOA PAYOH TOWN PK,2305.387984455528,MACRITCHIE RESERVOIR PK
TP_0102,366.2824657353222,TOA PAYOH TOWN PK,2377.2196194010407,MACRITCHIE RESERVOIR PK
TP_0103,461.6980016180952,TOA PAYOH TOWN PK,2451.026821325817,MACRITCHIE RESERVOIR PK
TP_0104,558.7192897073967,TOA PAYOH TOWN PK,2526.636467490297,MACRITCHIE RESERVOIR PK
TP_0105,656.6349401944226,TOA PAYOH TOWN PK,2603.8915489791725,MACRITCHIE RESERVOIR PK
TP_0106,645.1901273578274,MAR THOMA ROAD PARK,2682.649913581432,MACRITCHIE RESERVOIR PK
TP_0107,550.5160310409452,MAR THOMA ROAD PARK,2762.7830024871246,MACRITCHIE RESERVOIR PK
TP_0108,458.1107949242634,MAR THOMA ROAD PARK,2844.1746217180616,MACRITCHIE RESERVOIR PK
TP_0109,369.6174639051547,MAR THOMA ROAD PARK,2926.7197745630497,MACRITCHIE RESERVOIR PK
TP_0110,282.56587349045117,MAR THOMA ROAD PARK,3010.323570450807,MACRITCHIE RESERVOIR PK
TP_0111,193.98811236956482,MAR THOMA ROAD PARK,3094.9002179076797,MACRITCHIE RESERVOIR PK
TP_0112,121.96879819829174,MAR THOMA ROAD PARK,3180.372103826581,MACRITCHIE RESERVOIR PK
TP_0113,110.09717401988263,MAR THOMA ROAD PARK,3266.66895763737,MACRITCHIE RESERVOIR PK
TP_0114,171.23650561907814,MAR THOMA ROAD PARK,3353.7270966470915,MACRITCHIE RESERVOIR PK
TP_0115,249.1786207501938,ST MICHAEL'S FC,3441.4887474432107,MACRITCHIE RESERVOIR PK
TP_0116,233.2483333960581,ST MICHAEL'S FC,3529.9014375434826,MACRITCHIE RESERVOIR PK
TP_0117,579.4019667105661,NOVENA RISE PK,1416.677768933377,MACRITCHIE RESERVOIR PK
TP_0118,529.0622071375731,NOVENA RISE PK,1464.0114131446971,MACRITCHIE RESERVOIR PK
TP_0119,494.0718561246823,NOVENA RISE PK,1515.4320824530405,MACRITCHIE RESERVOIR PK
TP_0120,405.35472715377364,TOA PAYOH TOWN PK,1569.0728310441584,MACRITCHIE RESERVOIR PK
TP_0121,307.5728447363824,TOA PAYOH TOWN PK,1623.757298631883,MACRITCHIE RESERVOIR PK
TP_0122,211.87178861885158,TOA PAYOH TOWN PK,1681.4630370167165,MACRITCHIE RESERVOIR PK
TP_0123,122.75256333988227,TOA PAYOH TOWN PK,1742.9997489519753,MACRITCHIE RESERVOIR PK
TP_0124,52.21856701431276,TOA PAYOH TOWN PK,1807.9763009618846,MACRITCHIE RESERVOIR PK
TP_0125,39.73546585596806,TOA PAYOH TOWN PK,1876.0353101242492,MACRITCHIE RESERVOIR PK
TP_0126,37.31117381218148,TOA PAYOH TOWN PK,1946.8535293714722,MACRITCHIE RESERVOIR PK
TP_0127,29.092773279518855,TOA PAYOH TOWN PK,2020.1407982661324,MACRITCHIE RESERVOIR PK
TP_0128,50.549230860099435,TOA PAYOH TOWN PK,2094.3716334250375,MACRITCHIE RESERVOIR PK
TP_0129,146.82446912399442,TOA PAYOH TOWN PK,2163.966704662705,MACRITCHIE RESERVOIR PK
TP_0130,246.08865216937156,TOA PAYOH TOWN PK,2235.869240112685,MACRITCHIE RESERVOIR PK
TP_0131,345.7114249515345,TOA PAYOH TOWN PK,2309.8637663021136,MACRITCHIE RESERVOIR PK
TP_0132,445.34117642377055,TOA PAYOH TOWN PK,2385.755641063999,MACRITCHIE RESERVOIR PK
TP_0133,544.9709278960066,TOA PAYOH TOWN PK,2463.3695092011676,MACRITCHIE RESERVOIR PK
TP_0134,644.6006793682427,TOA PAYOH TOWN PK,2542.5476787771963,MACRITCHIE RESERVOIR PK
TP_0135,681.6426486475734,MAR THOMA ROAD PARK,2623.1485011048494,MACRITCHIE RESERVOIR PK
TP_0136,592.8189440700633,MAR THOMA ROAD PARK,2705.044809026632,MACRITCHIE RESERVOIR PK
TP_0137,506.10052308577906,MAR THOMA ROAD PARK,2788.122446887015,MACRITCHIE RESERVOIR PK
TP_0138,417.0548977883737,MAR THOMA ROAD PARK,2872.278910347765,MACRITCHIE RESERVOIR PK
TP_0139,333.4363323972052,MAR THOMA ROAD PARK,2957.422103593238,MACRITCHIE RESERVOIR PK
TP_0140,261.58132149625715,MAR THOMA ROAD PARK,3043.4692143695424,MACRITCHIE RESERVOIR PK
TP_0141,213.7049081068494,MAR THOMA ROAD PARK,3130.34570276327,MACRITCHIE RESERVOIR PK
TP_0142,207.15884664234267,MAR THOMA ROAD PARK,3217.984396917079,MACRITCHIE RESERVOIR PK
TP_0143,245.27492276099966,MAR THOMA ROAD PARK,3306.324687443005,MACRITCHIE RESERVOIR PK
TP_0144,312.0005462575302,MAR THOMA ROAD PARK,3395.311811717503,MACRITCHIE RESERVOIR PK
TP_0145,333.16210025665214,ST MICHAEL'S FC,3461.2249442786638,BISHAN-ANG MO KIO PARK (RIVER PLAINS)
TP_0146,664.1486874517299,NOVENA RISE PK,1328.0627692030946,MACRITCHIE RESERVOIR PK
TP_0147,595.1028756127172,TOA PAYOH TOWN PK,1377.8115216236547,MACRITCHIE RESERVOIR PK
TP_0148,495.11274731670466,TOA PAYOH TOWN PK,1431.0446256259147,MACRITCHIE RESERVOIR PK
TP_0149,395.12761552246,TOA PAYOH TOWN PK,1485.2612262047992,MACRITCHIE RESERVOIR PK
TP_0150,295.1525580804526,TOA PAYOH TOWN PK,1541.6785672996075,MACRITCHIE RESERVOIR PK
TP_0151,195.20305462365306,TOA PAYOH TOWN PK,1602.3429673026121,MACRITCHIE RESERVOIR PK
TP_0152,95.35448424588165,TOA PAYOH TOWN PK,1666.8032771917954,MACRITCHIE RESERVOIR PK
TP_0153,0.0,TOA PAYOH TOWN PK,1734.636372514562,MACRITCHIE RESERVOIR PK
TP_0154,0.0,TOA PAYOH TOWN PK,1805.4621360869487,MACRITCHIE RESERVOIR PK
TP_0155,0.0,TOA PAYOH TOWN PK,1878.9421770871018,MACRITCHIE RESERVOIR PK
TP_0156,0.0,TOA PAYOH TOWN PK,1953.0311515468222,MACRITCHIE RESERVOIR PK
TP_0157,38.22492553538139,TOA PAYOH TOWN PK,2022.5454355602533,MACRITCHIE RESERVOIR PK
TP_0158,137.8546770076174,TOA PAYOH TOWN PK,2094.528443086635,MACRITCHIE RESERVOIR PK
TP_0159,237.48442847985345,TOA PAYOH TOWN PK,2168.734367987982,MACRITCHIE RESERVOIR PK
TP_0160,337.1141799520894,TOA PAYOH TOWN PK,2244.9427874414837,MACRITCHIE RESERVOIR PK
TP_0161,436.7439314243254,TOA PAYOH TOWN PK,2322.9566244075345,MACRITCHIE RESERVOIR PK
TP_0162,536.3739642614981,TOA PAYOH TOWN PK,2402.6000164139173,MACRITCHIE RESERVOIR PK
TP_0163,636.0692018410188,TOA PAYOH TOWN PK,2483.7162073927575,MACRITCHIE RESERVOIR PK
TP_0164,729.5119351289244,MAR THOMA ROAD PARK,2566.1655361372877,MACRITCHIE RESERVOIR PK
TP_0165,640.498390160221,MAR THOMA ROAD PARK,2649.8235637211924,MACRITCHIE RESERVOIR PK
TP_0166,554.5116660549744,MAR THOMA ROAD PARK,2734.579360495027,MACRITCHIE RESERVOIR PK
TP_0167,474.055047208963,MAR THOMA ROAD PARK,2820.333958742953,MACRITCHIE RESERVOIR PK
TP_0168,402.4589268205153,MAR THOMA ROAD PARK,2906.9989678071793,MACRITCHIE RESERVOIR PK
TP_0169,345.2798687597491,MAR THOMA ROAD PARK,2994.495342929308,MACRITCHIE RESERVOIR PK
TP_0170,310.5852342980559,MAR THOMA ROAD PARK,3082.75229605277,MACRITCHIE RESERVOIR PK
TP_0171,306.11793112656267,MAR THOMA ROAD PARK,3171.706335525395,MACRITCHIE RESERVOIR PK
TP_0172,333.0963640606659,MAR THOMA ROAD PARK,3261.3004214278144,MACRITCHIE RESERVOIR PK
TP_0173,384.9651773130453,MAR THOMA ROAD PARK,3325.36782249868,BISHAN-ANG MO KIO PARK (RIVER PLAINS)
TP_0174,433.1156716892248,ST MICHAEL'S FC,3374.287802618918,BISHAN-ANG MO KIO PARK (RIVER PLAINS)
TP_0175,699.5833446766557,TOA PAYOH TOWN PK,1240.751892138923,MACRITCHIE RESERVOIR PK
TP_0176,600.0462797789813,TOA PAYOH TOWN PK,1292.9445615850852,MACRITCHIE RESERVOIR PK
TP_0177,500.6046807986799,TOA PAYOH TOWN PK,1346.890122080678,MACRITCHIE RESERVOIR PK
TP_0178,401.4388701045396,TOA PAYOH TOWN PK,1402.2224020776666,MACRITCHIE RESERVOIR PK
TP_0179,302.82220266035745,TOA PAYOH TOWN PK,1461.8337268245082,MACRITCHIE RESERVOIR PK
TP_0180,205.2817735559785,TOA PAYOH TOWN PK,1525.676251658523,MACRITCHIE RESERVOIR PK
TP_0181,110.89787011796513,TOA PAYOH TOWN PK,1593.2414144968645,MACRITCHIE RESERVOIR PK
TP_0182,32.38936133982883,TOA PAYOH TOWN PK,1664.0758350691651,MACRITCHIE RESERVOIR PK
TP_0183,18.667235516612532,TOA PAYOH TOWN PK,1737.7797803100104,MACRITCHIE RESERVOIR PK
TP_0184,31.953165669885692,TOA PAYOH TOWN PK,1811.7032921891907,MACRITCHIE RESERVOIR PK
TP_0185,48.14348504525673,TOA PAYOH TOWN PK,1881.12417955925,MACRITCHIE RESERVOIR PK
TP_0186,64.41140882064674,TOA PAYOH TOWN PK,1953.1993085488662,MACRITCHIE RESERVOIR PK
TP_0187,145.03733856954292,TOA PAYOH TOWN PK,2027.6456541785296,MACRITCHIE RESERVOIR PK
TP_0188,240.67162186766421,TOA PAYOH TOWN PK,2104.211552791778,MACRITCHIE RESERVOIR PK
TP_0189,338.835992134082,TOA PAYOH TOWN PK,2182.6739607407458,MACRITCHIE RESERVOIR PK
TP_0190,437.8319649803603,TOA PAYOH TOWN PK,2262.835605802817,MACRITCHIE RESERVOIR PK
TP_0191,537.1999902751667,TOA PAYOH TOWN PK,2344.522198419608,MACRITCHIE RESERVOIR PK
TP_0192,636.7659142453488,TOA PAYOH TOWN PK,2427.5798027821083,MACRITCHIE RESERVOIR PK
TP_0193,736.4494752104795,TOA PAYOH TOWN PK,2511.872420898189,MACRITCHIE RESERVOIR PK
TP_0194,693.5644078330837,MAR THOMA ROAD PARK,2597.279811430073,MACRITCHIE RESERVOIR PK
TP_0195,615.0419398757167,MAR THOMA ROAD PARK,2683.6955451122885,MACRITCHIE RESERVOIR PK
TP_0196,543.6189729942412,MAR THOMA ROAD PARK,2771.025286576947,MACRITCHIE RESERVOIR PK
TP_0197,482.45889751619484,MAR THOMA ROAD PARK,2859.185285853675,MACRITCHIE RESERVOIR PK
TP_0198,435.9031862532905,MAR THOMA ROAD PARK,2948.101059807053,MACRITCHIE RESERVOIR PK
TP_0199,408.97015512015,MAR THOMA ROAD PARK,3037.7062430111273,MACRITCHIE RESERVOIR PK
TP_0200,405.5879531892291,MAR THOMA ROAD PARK,3127.9415881410073,MACRITCHIE RESERVOIR PK
TP_0201,426.3174729769553,MAR THOMA ROAD PARK,3189.994387913933,BISHAN-ANG MO KIO PARK (RIVER PLAINS)
TP_0202,467.9653702558403,MAR THOMA ROAD PARK,3237.8714018496134,BISHAN-ANG MO KIO PARK (RIVER PLAINS)
TP_0203,525.577150272327,MAR THOMA ROAD PARK,3288.093404225125,BISHAN-ANG MO KIO PARK (RIVER PLAINS)
TP_0204,714.887492172774,TOA PAYOH TOWN PK,1155.0203781471077,MACRITCHIE RESERVOIR PK
TP_0205,617.5813198251466,TOA PAYOH TOWN PK,1208.6013923887174,MACRITCHIE RESERVOIR PK
TP_0206,521.253898392912,TOA PAYOH TOWN PK,1263.2032793283718,MACRITCHIE RESERVOIR PK
TP_0207,426.570554107058,TOA PAYOH TOWN PK,1321.519089873136,MACRITCHIE RESERVOIR PK
TP_0208,334.4803994621725,TOA PAYOH TOWN PK,1384.6092896164935,MACRITCHIE RESERVOIR PK
TP_0209,247.7500219305381,TOA PAYOH TOWN PK,1451.851598781866,MACRITCHIE RESERVOIR PK
TP_0210,172.63673304968037,TOA PAYOH TOWN PK,1522.6960448095444,MACRITCHIE RESERVOIR PK
TP_0211,125.42183465601802,TOA PAYOH TOWN PK,1596.6632158573077,MACRITCHIE RESERVOIR PK
TP_0212,117.98137830557812,TOA PAYOH TOWN PK,1670.3912592401816,MACRITCHIE RESERVOIR PK
TP_0213,131.06079540711082,TOA PAYOH TOWN PK,1739.7029398547638,MACRITCHIE RESERVOIR PK
TP_0214,147.36755126663974,TOA PAYOH TOWN PK,1811.8845655649855,MACRITCHIE RESERVOIR PK
TP_0215,158.2265135819682,TOA PAYOH TOWN PK,1886.606752592051,MACRITCHIE RESERVOIR PK
TP_0216,204.75016384213345,TOA PAYOH TOWN PK,1963.5794862748062,MACRITCHIE RESERVOIR PK
TP_0217,280.7305284190806,TOA PAYOH TOWN PK,2042.5483492227402,MACRITCHIE RESERVOIR PK
TP_0218,368.3702343831976,TOA PAYOH TOWN PK,2123.2906345825218,MACRITCHIE RESERVOIR PK
TP_0219,461.0679229491114,TOA PAYOH TOWN PK,2205.611588403352,MACRITCHIE RESERVOIR PK
TP_0220,556.3008444768742,TOA PAYOH TOWN PK,2289.340918013843,MACRITCHIE RESERVOIR PK
TP_0221,652.960664633605,TOA PAYOH TOWN PK,2374.32963147196,MACRITCHIE RESERVOIR PK
TP_0222,750.4962555215282,TOA PAYOH TOWN PK,2460.447227411936,MACRITCHIE RESERVOIR PK
TP_0223,756.1911053615199,MAR THOMA ROAD PARK,2547.5792272022454,MACRITCHIE RESERVOIR PK
TP_0224,684.8868430778226,MAR THOMA ROAD PARK,2635.625026225411,MACRITCHIE RESERVOIR PK
TP_0225,621.5424263993044,MAR THOMA ROAD PARK,2724.496033922422,MACRITCHIE RESERVOIR PK
TP_0226,568.8233362016396,MAR THOMA ROAD PARK,2814.1140699787416,MACRITCHIE RESERVOIR PK
TP_0227,529.9103582690116,MAR THOMA ROAD PARK,2904.4099846346803,MACRITCHIE RESERVOIR PK
TP_0228,507.98620827146567,MAR THOMA ROAD PARK,2995.3224732637605,MACRITCHIE RESERVOIR PK
TP_0229,505.26724392864577,MAR THOMA ROAD PARK,3055.1689372169203,BISHAN-ANG MO KIO PARK (RIVER PLAINS)
TP_0230,522.0536253877357,MAR THOMA ROAD PARK,3101.903327785758,BISHAN-ANG MO KIO PARK (RIVER PLAINS)
TP_0231,556.5833161115297,MAR THOMA ROAD PARK,3151.1190512136395,BISHAN-ANG MO KIO PARK (RIVER PLAINS)
TP_0232,580.6139573865825,GREENWAY SOUTH,3202.701718067847,BISHAN-ANG MO KIO PARK (RIVER PLAINS)
TP_0233,742.6773098850983,TOA PAYOH TOWN PK,1070.5790125054687,MACRITCHIE RESERVOIR PK
TP_0234,649.2620716312297,TOA PAYOH TOWN PK,1124.7317768561381,MACRITCHIE RESERVOIR PK
TP_0235,558.0823753282734,TOA PAYOH TOWN PK,1181.4683935326464,MACRITCHIE RESERVOIR PK
TP_0236,470.09984934089914,TOA PAYOH TOWN PK,1243.622830648337,MACRITCHIE RESERVOIR PK
TP_0237,387.43936769168636,TOA PAYOH TOWN PK,1310.4685898192872,MACRITCHIE RESERVOIR PK
TP_0238,313.7735820562768,TOA PAYOH TOWN PK,1381.3247644548044,MACRITCHIE RESERVOIR PK
TP_0239,255.6712190048836,TOA PAYOH TOWN PK,1455.6058137041396,MACRITCHIE RESERVOIR PK
TP_0240,223.4930384423449,TOA PAYOH TOWN PK,1529.0994405083163,MACRITCHIE RESERVOIR PK
TP_0241,217.41848277910444,TOA PAYOH TOWN PK,1598.2817207727035,MACRITCHIE RESERVOIR PK
TP_0242,230.1684251443359,TOA PAYOH TOWN PK,1670.5878662762586,MACRITCHIE RESERVOIR PK
TP_0243,247.08688126302255,TOA PAYOH TOWN PK,1745.6297370699122,MACRITCHIE RESERVOIR PK
TP_0244,256.7536360294612,TOA PAYOH TOWN PK,1823.0695376030174,MACRITCHIE RESERVOIR PK
TP_0245,287.7662760078477,TOA PAYOH TOWN PK,1902.614490360406,MACRITCHIE RESERVOIR PK
TP_0246,345.97171791997755,TOA PAYOH TOWN PK,1984.0114059457158,MACRITCHIE RESERVOIR PK
TP_0247,420.21831182562266,TOA PAYOH TOWN PK,2067.041513592798,MACRITCHIE RESERVOIR PK
TP_0248,503.4584685817212,TOA PAYOH TOWN PK,2151.5157398702227,MACRITCHIE RESERVOIR PK
TP_0249,591.9099843554995,TOA PAYOH TOWN PK,2237.2705108910322,MACRITCHIE RESERVOIR PK
TP_0250,683.5527994038232,TOA PAYOH TOWN PK,2324.1640860524303,MACRITCHIE RESERVOIR PK
TP_0251,777.2589205444214,TOA PAYOH TOWN PK,2412.073394175484,MACRITCHIE RESERVOIR PK
TP_0252,826.207230568033,MAR THOMA ROAD PARK,2500.891324884499,MACRITCHIE RESERVOIR PK
TP_0253,761.4876150247799,MAR THOMA ROAD PARK,2590.524421594179,MACRITCHIE RESERVOIR PK
TP_0254,705.0591378241659,MAR THOMA ROAD PARK,2680.8909225981506,MACRITCHIE RESERVOIR PK
TP_0255,659.054920186918,MAR THOMA ROAD PARK,2771.9191003459086,MACRITCHIE RESERVOIR PK
TP_0256,625.7782257444035,MAR THOMA ROAD PARK,2863.545854156308,MACRITCHIE RESERVOIR PK
TP_0257,607.3247795117883,MAR THOMA ROAD PARK,2920.967352598783,BISHAN-ANG MO KIO PARK (RIVER PLAINS)
TP_0258,605.0523843455795,MAR THOMA ROAD PARK,2966.4452287108106,BISHAN-ANG MO KIO PARK (RIVER PLAINS)
TP_0259,619.1392313490558,MAR THOMA ROAD PARK,3014.555409166387,BISHAN-ANG MO KIO PARK (RIVER PLAINS)
TP_0260,648.5201521839767,MAR THOMA ROAD PARK,3065.1739485594476,BISHAN-ANG MO KIO PARK (RIVER PLAINS)
TP_0261,554.548940604129,GREENWAY SOUTH,3118.1786919483475,BISHAN-ANG MO KIO PARK (RIVER PLAINS)
TP_0262,781.6871098334175,TOA PAYOH TOWN PK,986.3394111309751,MACRITCHIE RESERVOIR PK
TP_0263,693.2546490132818,TOA PAYOH TOWN PK,1041.7880902247362,MACRITCHIE RESERVOIR PK
TP_0264,608.2790875670754,TOA PAYOH TOWN PK,1102.7477521751168,MACRITCHIE RESERVOIR PK
TP_0265,528.0416874243853,TOA PAYOH TOWN PK,1169.0948571097395,MACRITCHIE RESERVOIR PK
TP_0266,455.0598650914663,TOA PAYOH TOWN PK,1239.9649047104565,MACRITCHIE RESERVOIR PK
TP_0267,392.9413852574639,TOA PAYOH TOWN PK,1314.6266180580633,MACRITCHIE RESERVOIR PK
TP_0268,346.73136896299184,TOA PAYOH TOWN PK,1387.8340098800334,MACRITCHIE RESERVOIR PK
TP_0269,322.66245248886776,TOA PAYOH TOWN PK,1456.860528318686,MACRITCHIE RESERVOIR PK
TP_0270,317.1794392262916,TOA PAYOH TOWN PK,1529.3142119807521,MACRITCHIE RESERVOIR PK
TP_0271,329.2759984788176,TOA PAYOH TOWN PK,1604.7309179297374,MACRITCHIE RESERVOIR PK
TP_0272,343.799835523923,TOA PAYOH TOWN PK,1682.712298330563,MACRITCHIE RESERVOIR PK
TP_0273,355.85566686321994,TOA PAYOH TOWN PK,1762.9180465768209,MACRITCHIE RESERVOIR PK
TP_0274,379.07285529495385,TOA PAYOH TOWN PK,1845.0581017787874,MACRITCHIE RESERVOIR PK
TP_0275,424.95085552866556,TOA PAYOH TOWN PK,1928.885366975666,MACRITCHIE RESERVOIR PK
TP_0276,487.3091725051156,TOA PAYOH TOWN PK,2014.1891964078645,MACRITCHIE RESERVOIR PK
TP_0277,560.675690217345,TOA PAYOH TOWN PK,2100.789727440485,MACRITCHIE RESERVOIR PK
TP_0278,641.2832678261393,TOA PAYOH TOWN PK,2188.5330335438794,MACRITCHIE RESERVOIR PK
TP_0279,726.7263787608426,TOA PAYOH TOWN PK,2277.287026025943,MACRITCHIE RESERVOIR PK
TP_0280,815.4864987109986,TOA PAYOH TOWN PK,2366.9380133200348,MACRITCHIE RESERVOIR PK
TP_0281,901.8934459557404,MAR THOMA ROAD PARK,2457.387824274528,MACRITCHIE RESERVOIR PK
TP_0282,843.0046191161402,MAR THOMA ROAD PARK,2548.551407934713,MACRITCHIE RESERVOIR PK
TP_0283,792.4025415433607,MAR THOMA ROAD PARK,2640.3548320025693,MACRITCHIE RESERVOIR PK
TP_0284,751.7624543947418,MAR THOMA ROAD PARK,2732.733612863249,MACRITCHIE RESERVOIR PK
TP_0285,722.7667589415239,MAR THOMA ROAD PARK,2787.4797425202423,BISHAN-ANG MO KIO PARK (RIVER PLAINS)
TP_0286,706.8499047351308,MAR THOMA ROAD PARK,2831.5702948989115,BISHAN-ANG MO KIO PARK (RIVER PLAINS)
TP_0287,704.8984237585528,MAR THOMA ROAD PARK,2878.460935108743,BISHAN-ANG MO KIO PARK (RIVER PLAINS)
TP_0288,717.0263508480849,MAR THOMA ROAD PARK,2928.0171404792513,BISHAN-ANG MO KIO PARK (RIVER PLAINS)
TP_0289,645.8349847639079,GREENWAY SOUTH,2980.1059368642386,BISHAN-ANG MO KIO PARK (RIVER PLAINS)
TP_0290,545.8355865443508,GREENWAY SOUTH,3034.596911440904,BISHAN-ANG MO KIO PARK (RIVER PLAINS)
TP_0291,830.4285570713631,TOA PAYOH TOWN PK,902.6501453783709,MACRITCHIE RESERVOIR PK
TP_0292,747.5155675203832,TOA PAYOH TOWN PK,962.0329853725201,MACRITCHIE RESERVOIR PK
TP_0293,668.9893748622997,TOA PAYOH TOWN PK,1027.7342287468746,MACRITCHIE RESERVOIR PK
TP_0294,596.4101783485087,TOA PAYOH TOWN PK,1098.6208740648897,MACRITCHIE RESERVOIR PK
TP_0295,532.1434916348398,TOA PAYOH TOWN PK,1173.7538093332314,MACRITCHIE RESERVOIR PK
TP_0296,479.2554978944021,TOA PAYOH TOWN PK,1246.6039383046002,MACRITCHIE RESERVOIR PK
TP_0297,441.3020016462441,TOA PAYOH TOWN PK,1315.4393710809509,MACRITCHIE RESERVOIR PK
TP_0298,422.1191215514756,TOA PAYOH TOWN PK,1388.070639046571,MACRITCHIE RESERVOIR PK
TP_0299,417.0549084735029,TOA PAYOH TOWN PK,1463.9328737945823,MACRITCHIE RESERVOIR PK
TP_0300,428.3834875653042,TOA PAYOH TOWN PK,1542.5494543027696,MACRITCHIE RESERVOIR PK
TP_0301,441.97819733587085,TOA PAYOH TOWN PK,1623.5203044505113,MACRITCHIE RESERVOIR PK
TP_0302,454.9577193572999,TOA PAYOH TOWN PK,1706.5103395398428,MACRITCHIE RESERVOIR PK
TP_0303,473.9019198478872,TOA PAYOH TOWN PK,1791.2389284932642,MACRITCHIE RESERVOIR PK
TP_0304,511.34140222417847,TOA PAYOH TOWN PK,1877.4707078788222,MACRITCHIE RESERVOIR PK
TP_0305,564.2313617849196,TOA PAYOH TOWN PK,1965.007791062497,MACRITCHIE RESERVOIR PK
TP_0306,628.6843640609654,TOA PAYOH TOWN PK,2053.683271327305,MACRITCHIE RESERVOIR PK
TP_0307,701.5205126065924,TOA PAYOH TOWN PK,2143.3558591430706,MACRITCHIE RESERVOIR PK
TP_0308,780.3960722613178,TOA PAYOH TOWN PK,2233.9054811957103,MACRITCHIE RESERVOIR PK
TP_0309,863.6579355242258,TOA PAYOH TOWN PK,2325.229678743489,MACRITCHIE RESERVOIR PK
TP_0310,950.1536873511798,TOA PAYOH TOWN PK,2417.2406621813343,MACRITCHIE RESERVOIR PK
TP_0311,928.1434091056027,MAR THOMA ROAD PARK,2509.8629004183003,MACRITCHIE RESERVOIR PK
TP_0312,882.4370730309322,MAR THOMA ROAD PARK,2603.031144433249,MACRITCHIE RESERVOIR PK
TP_0313,846.1324883566565,MAR THOMA ROAD PARK,2654.813807967235,BISHAN-ANG MO KIO PARK (RIVER PLAINS)
TP_0314,820.4786333877661,MAR THOMA ROAD PARK,2697.366006860523,BISHAN-ANG MO KIO PARK (RIVER PLAINS)
TP_0315,806.4925218742483,MAR THOMA ROAD PARK,2742.9054659174594,BISHAN-ANG MO KIO PARK (RIVER PLAINS)
TP_0316,804.7826960318628,MAR THOMA ROAD PARK,2791.2859787117955,BISHAN-ANG MO KIO PARK (RIVER PLAINS)
TP_0317,752.7822577378085,GREENWAY SOUTH,2842.362474236222,BISHAN-ANG MO KIO PARK (RIVER PLAINS)
TP_0318,653.8461497615863,GREENWAY SOUTH,2895.992309198947,BISHAN-ANG MO KIO PARK (RIVER PLAINS)
TP_0319,555.2913177344565,GREENWAY SOUTH,2952.0363268314704,BISHAN-ANG MO KIO PARK (RIVER PLAINS)
TP_0320,821.5609076399962,MACRITCHIE RESERVOIR PK,821.5609076399962,MACRITCHIE RESERVOIR PK
TP_0321,810.1021810236713,TOA PAYOH TOWN PK,886.3929743378069,MACRITCHIE RESERVOIR PK
TP_0322,737.7877207288939,TOA PAYOH TOWN PK,957.2996839802014,MACRITCHIE RESERVOIR PK
TP_0323,672.241292773796,TOA PAYOH TOWN PK,1033.0309119003955,MACRITCHIE RESERVOIR PK
TP_0324,615.4031136439129,TOA PAYOH TOWN PK,1105.4227784035327,MACRITCHIE RESERVOIR PK
TP_0325,569.6769806282829,TOA PAYOH TOWN PK,1174.018261785861,MACRITCHIE RESERVOIR PK
TP_0326,537.7263399452634,TOA PAYOH TOWN PK,1246.8673702523465,MACRITCHIE RESERVOIR PK
TP_0327,521.241165674121,TOA PAYOH TOWN PK,1323.2677729746579,MACRITCHIE RESERVOIR PK
TP_0328,516.9785263391304,TOA PAYOH TOWN PK,1402.6392832751474,MACRITCHIE RESERVOIR PK
TP_0329,527.4909766517908,TOA PAYOH TOWN PK,1484.5054122433935,MACRITCHIE RESERVOIR PK
TP_0330,540.8244881052035,TOA PAYOH TOWN PK,1568.4755908120585,MACRITCHIE RESERVOIR PK
TP_0331,554.0597718513799,TOA PAYOH TOWN PK,1654.2294396384511,MACRITCHIE RESERVOIR PK
TP_0332,570.4996315945854,TOA PAYOH TOWN PK,1741.5034880699643,MACRITCHIE RESERVOIR PK
TP_0333,601.9608206873877,TOA PAYOH TOWN PK,1830.080260249031,MACRITCHIE RESERVOIR PK
TP_0334,647.4904089140696,TOA PAYOH TOWN PK,1919.7794453911806,MACRITCHIE RESERVOIR PK
TP_0335,704.365551137181,TOA PAYOH TOWN PK,2010.4508148521757,MACRITCHIE RESERVOIR PK
TP_0336,770.0765089404173,TOA PAYOH TOWN PK,2101.9685627842023,MACRITCHIE RESERVOIR PK
TP_0337,842.558502191353,TOA PAYOH TOWN PK,2194.226788398682,MACRITCHIE RESERVOIR PK
TP_0338,920.2129262339298,TOA PAYOH TOWN PK,2287.135885538877,MACRITCHIE RESERVOIR PK
TP_0339,959.7735041340109,CARMICHAEL RD PG,2380.6196501988743,MACRITCHIE RESERVOIR PK
TP_0340,899.1351284599855,CARMICHAEL RD PG,2474.6129553742985,MACRITCHIE RESERVOIR PK
TP_0341,844.2173747352864,CARMICHAEL RD PG,2523.0991647151463,BISHAN-ANG MO KIO PARK (RIVER PLAINS)
TP_0342,795.1190953550129,CARMICHAEL RD PG,2563.937677670707,BISHAN-ANG MO KIO PARK (RIVER PLAINS)
TP_0343,756.1255026722805,CARMICHAEL RD PG,2607.9730510441727,BISHAN-ANG MO KIO PARK (RIVER PLAINS)
TP_0344,728.2590408836228,CARMICHAEL RD PG,2655.046224638253,BISHAN-ANG MO KIO PARK (RIVER PLAINS)
TP_0345,713.069723534581,CARMICHAEL RD PG,2704.998609049371,BISHAN-ANG MO KIO PARK (RIVER PLAINS)
TP_0346,711.7412666233661,CARMICHAEL RD PG,2757.6737470107346,BISHAN-ANG MO KIO PARK (RIVER PLAINS)
TP_0347,676.7028502755876,GREENWAY SOUTH,2812.9186826044966,BISHAN-ANG MO KIO PARK (RIVER PLAINS)
TP_0348,582.0074099291498,GREENWAY SOUTH,2870.5850509850093,BISHAN-ANG MO KIO PARK (RIVER PLAINS)
TP_0349,745.0821196169686,MACRITCHIE RESERVOIR PK,745.0821196169686,MACRITCHIE RESERVOIR PK
TP_0350,816.0132014655671,MACRITCHIE RESERVOIR PK,816.0132014655671,MACRITCHIE RESERVOIR PK
TP_0351,812.7976474689444,TOA PAYOH TOWN PK,892.5288370463185,MACRITCHIE RESERVOIR PK
TP_0352,753.4959537404526,TOA PAYOH TOWN PK,964.312013318424,MACRITCHIE RESERVOIR PK
TP_0353,702.8541045598149,TOA PAYOH TOWN PK,1032.597220131616,MACRITCHIE RESERVOIR PK
TP_0354,662.8044072512694,TOA PAYOH TOWN PK,1105.7198465329493,MACRITCHIE RESERVOIR PK
TP_0355,635.2185752125179,TOA PAYOH TOWN PK,1182.7830481580963,MACRITCHIE RESERVOIR PK
TP_0356,620.6449490709189,TOA PAYOH TOWN PK,1263.065754030037,MACRITCHIE RESERVOIR PK
TP_0357,616.9268973790298,TOA PAYOH TOWN PK,1345.9919981176613,MACRITCHIE RESERVOIR PK
TP_0358,626.5984657382775,TOA PAYOH TOWN PK,1431.1023090576307,MACRITCHIE RESERVOIR PK
TP_0359,639.9285250269753,TOA PAYOH TOWN PK,1518.0293735575049,MACRITCHIE RESERVOIR PK
TP_0360,653.1618243454598,TOA PAYOH TOWN PK,1606.47830330095,MACRITCHIE RESERVOIR PK
TP_0361,668.0992663246996,TOA PAYOH TOWN PK,1696.2110419903554,MACRITCHIE RESERVOIR PK
TP_0362,695.1572697287122,TOA PAYOH TOWN PK,1787.0342075526464,MACRITCHIE RESERVOIR PK
TP_0363,734.9357996789606,TOA PAYOH TOWN PK,1878.789668631543,MACRITCHIE RESERVOIR PK
TP_0364,785.5046974034141,TOA PAYOH TOWN PK,1971.3472497127268,MACRITCHIE RESERVOIR PK
TP_0365,844.9287719304538,TOA PAYOH TOWN PK,2064.599074625202,MACRITCHIE RESERVOIR PK
TP_0366,911.4777175712967,TOA PAYOH TOWN PK,2158.455164912292,MACRITCHIE RESERVOIR PK
TP_0367,957.2278617210268,CARMICHAEL RD PG,2252.8399985196147,MACRITCHIE RESERVOIR PK
TP_0368,885.1914929822166,CARMICHAEL RD PG,2347.6898046639735,MACRITCHIE RESERVOIR PK
TP_0369,819.0499247549942,CARMICHAEL RD PG,2392.49293311371,BISHAN-ANG MO KIO PARK (RIVER PLAINS)
TP_0370,760.3420839439434,CARMICHAEL RD PG,2431.4130572554377,BISHAN-ANG MO KIO PARK (RIVER PLAINS)
TP_0371,706.870833893046,CARMICHAEL RD PG,2473.7656467388792,BISHAN-ANG MO KIO PARK (RIVER PLAINS)
TP_0372,662.7048934494788,CARMICHAEL RD PG,2519.3776007138385,BISHAN-ANG MO KIO PARK (RIVER PLAINS)
TP_0373,631.0657894698617,CARMICHAEL RD PG,2568.0752549276685,BISHAN-ANG MO KIO PARK (RIVER PLAINS)
TP_0374,613.4747188207265,CARMICHAEL RD PG,2619.686533722117,BISHAN-ANG MO KIO PARK (RIVER PLAINS)
TP_0375,611.9300863866059,CARMICHAEL RD PG,2674.042736187698,BISHAN-ANG MO KIO PARK (RIVER PLAINS)
TP_0376,626.5034126894432,CARMICHAEL RD PG,2730.97996604724,BISHAN-ANG MO KIO PARK (RIVER PLAINS)
TP_0377,620.993186577923,GREENWAY SOUTH,2790.340229245275,BISHAN-ANG MO KIO PARK (RIVER PLAINS)
TP_0378,674.7832281433609,MACRITCHIE RESERVOIR PK,674.7832281433609,MACRITCHIE RESERVOIR PK
TP_0379,752.3713079170049,MACRITCHIE RESERVOIR PK,752.3713079170049,MACRITCHIE RESERVOIR PK
TP_0380,823.3078397823496,MACRITCHIE RESERVOIR PK,823.3078397823496,MACRITCHIE RESERVOIR PK
TP_0381,838.4742406998504,TOA PAYOH TOWN PK,891.1762783200568,MACRITCHIE RESERVOIR PK
TP_0382,792.9950077349564,TOA PAYOH TOWN PK,964.6525379812648,MACRITCHIE RESERVOIR PK
TP_0383,757.4722943484347,TOA PAYOH TOWN PK,1042.5516193584872,MACRITCHIE RESERVOIR PK
TP_0384,733.2561341775195,TOA PAYOH TOWN PK,1123.954286890847,MACRITCHIE RESERVOIR PK
TP_0385,720.2138243752133,TOA PAYOH TOWN PK,1208.1525561838705,MACRITCHIE RESERVOIR PK
TP_0386,716.8896684453285,TOA PAYOH TOWN PK,1294.6010810311138,MACRITCHIE RESERVOIR PK
TP_0387,725.705954824764,TOA PAYOH TOWN PK,1382.8779118202146,MACRITCHIE RESERVOIR PK
TP_0388,739.0361547642004,TOA PAYOH TOWN PK,1472.6542971768852,MACRITCHIE RESERVOIR PK
TP_0389,752.3461937456984,TOA PAYOH TOWN PK,1563.6719729492033,MACRITCHIE RESERVOIR PK
TP_0390,766.3180995367695,TOA PAYOH TOWN PK,1655.7262451806948,MACRITCHIE RESERVOIR PK
TP_0391,790.0192590505131,TOA PAYOH TOWN PK,1748.653413050588,MACRITCHIE RESERVOIR PK
TP_0392,825.237801887309,TOA PAYOH TOWN PK,1842.321394047949,MACRITCHIE RESERVOIR PK
TP_0393,870.5770670405196,TOA PAYOH TOWN PK,1936.622699175058,MACRITCHIE RESERVOIR PK
TP_0394,924.5493116378104,TOA PAYOH TOWN PK,2031.4691331529987,MACRITCHIE RESERVOIR PK
TP_0395,975.4000098791983,CARMICHAEL RD PG,2126.7877653745104,MACRITCHIE RESERVOIR PK
TP_0396,893.6912102428985,CARMICHAEL RD PG,2222.517842209599,MACRITCHIE RESERVOIR PK
TP_0397,816.0654258443332,CARMICHAEL RD PG,2263.187017241796,BISHAN-ANG MO KIO PARK (RIVER PLAINS)
TP_0398,743.8021102763618,CARMICHAEL RD PG,2299.948367899812,BISHAN-ANG MO KIO PARK (RIVER PLAINS)
TP_0399,678.6165185468485,CARMICHAEL RD PG,2340.407980459433,BISHAN-ANG MO KIO PARK (RIVER PLAINS)
TP_0400,621.987241717769,CARMICHAEL RD PG,2384.3775990793474,BISHAN-ANG MO KIO PARK (RIVER PLAINS)
TP_0401,571.5153329634836,CARMICHAEL RD PG,2431.666826476149,BISHAN-ANG MO KIO PARK (RIVER PLAINS)
TP_0402,534.901454310939,CARMICHAEL RD PG,2482.085932230747,BISHAN-ANG MO KIO PARK (RIVER PLAINS)
TP_0403,514.0369934573337,CARMICHAEL RD PG,2535.448203961376,BISHAN-ANG MO KIO PARK (RIVER PLAINS)
TP_0404,512.1925718278277,CARMICHAEL RD PG,2591.571842524177,BISHAN-ANG MO KIO PARK (RIVER PLAINS)
TP_0405,529.3138257423475,CARMICHAEL RD PG,2650.2814256145234,BISHAN-ANG MO KIO PARK (RIVER PLAINS)
TP_0406,563.2764206986543,CARMICHAEL RD PG,2711.4089796544054,BISHAN-ANG MO KIO PARK (RIVER PLAINS)
TP_0407,612.7947821206014,MACRITCHIE RESERVOIR PK,612.7947821206014,MACRITCHIE RESERVOIR PK
TP_0408,682.476328574058,MACRITCHIE RESERVOIR PK,682.476328574058,MACRITCHIE RESERVOIR PK
TP_0409,749.7554928489913,MACRITCHIE RESERVOIR PK,749.7554928489913,MACRITCHIE RESERVOIR PK
TP_0410,823.7066583745345,MACRITCHIE RESERVOIR PK,823.7066583745345,MACRITCHIE RESERVOIR PK
TP_0411,885.2225157024155,TOA PAYOH TOWN PK,902.6915414713104,MACRITCHIE RESERVOIR PK
TP_0412,853.326688156083,TOA PAYOH TOWN PK,985.5005728243686,MACRITCHIE RESERVOIR PK
TP_0413,831.7610704540697,TOA PAYOH TOWN PK,1071.2472819244244,MACRITCHIE RESERVOIR PK
TP_0414,819.8876464705988,TOA PAYOH TOWN PK,1159.279991642992,MACRITCHIE RESERVOIR PK
TP_0415,816.861552980424,TOA PAYOH TOWN PK,1249.1154706499651,MACRITCHIE RESERVOIR PK
TP_0416,824.8786978897475,TOA PAYOH TOWN PK,1340.391293246264,MACRITCHIE RESERVOIR PK
TP_0417,838.1437845014256,TOA PAYOH TOWN PK,1432.8322229080768,MACRITCHIE RESERVOIR PK
TP_0418,851.718377902968,TOA PAYOH TOWN PK,1526.226568697128,MACRITCHIE RESERVOIR PK
TP_0419,864.945217740228,TOA PAYOH TOWN PK,1620.409484972955,MACRITCHIE RESERVOIR PK
TP_0420,886.0119805537429,TOA PAYOH TOWN PK,1715.2510775346054,MACRITCHIE RESERVOIR PK
TP_0421,917.5533933662073,TOA PAYOH TOWN PK,1810.6478451032199,MACRITCHIE RESERVOIR PK
TP_0422,958.5359824601879,TOA PAYOH TOWN PK,1906.5164512718588,MACRITCHIE RESERVOIR PK
TP_0423,1007.8086275002777,TOA PAYOH TOWN PK,2002.7891399155205,MACRITCHIE RESERVOIR PK
TP_0424,924.0151401804775,CARMICHAEL RD PG,2099.4103217229494,MACRITCHIE RESERVOIR PK
TP_0425,837.306860879465,CARMICHAEL RD PG,2135.4176441681366,BISHAN-ANG MO KIO PARK (RIVER PLAINS)
TP_0426,753.8975920301775,CARMICHAEL RD PG,2169.7362823665426,BISHAN-ANG MO KIO PARK (RIVER PLAINS)
TP_0427,675.0113919497776,CARMICHAEL RD PG,2208.054019948556,BISHAN-ANG MO KIO PARK (RIVER PLAINS)
TP_0428,602.4277377869088,CARMICHAEL RD PG,2250.166566057759,BISHAN-ANG MO KIO PARK (RIVER PLAINS)
TP_0429,538.700268468588,CARMICHAEL RD PG,2295.8651081884927,BISHAN-ANG MO KIO PARK (RIVER PLAINS)
TP_0430,483.819982868461,CARMICHAEL RD PG,2344.940002428751,BISHAN-ANG MO KIO PARK (RIVER PLAINS)
TP_0431,439.9922451771995,CARMICHAEL RD PG,2397.1838967805,BISHAN-ANG MO KIO PARK (RIVER PLAINS)
TP_0432,414.8696550160549,CARMICHAEL RD PG,2452.3942698874775,BISHAN-ANG MO KIO PARK (RIVER PLAINS)
TP_0433,412.5821501787129,CARMICHAEL RD PG,2510.3754051874644,BISHAN-ANG MO KIO PARK (RIVER PLAINS)
TP_0434,433.4048063098536,CARMICHAEL RD PG,2570.9398466248326,BISHAN-ANG MO KIO PARK (RIVER PLAINS)
TP_0435,474.28570094993256,CARMICHAEL RD PG,2633.9093976362415,BISHAN-ANG MO KIO PARK (RIVER PLAINS)
TP_0436,541.9521003564541,MACRITCHIE RESERVOIR PK,541.9521003564541,MACRITCHIE RESERVOIR PK
TP_0437,608.3349727527429,MACRITCHIE RESERVOIR PK,608.3349727527429,MACRITCHIE RESERVOIR PK
TP_0438,682.957391838897,MACRITCHIE RESERVOIR PK,682.957391838897,MACRITCHIE RESERVOIR PK
TP_0439,763.4069419783247,MACRITCHIE RESERVOIR PK,763.4069419783247,MACRITCHIE RESERVOIR PK
TP_0440,848.0268386401491,MACRITCHIE RESERVOIR PK,848.0268386401491,MACRITCHIE RESERVOIR PK
TP_0441,935.686314449086,MACRITCHIE RESERVOIR PK,935.686314449086,MACRITCHIE RESERVOIR PK
TP_0442,930.5849764190475,TOA PAYOH TOWN PK,1025.6062787642352,MACRITCHIE RESERVOIR PK
TP_0443,919.6322921956496,TOA PAYOH TOWN PK,1117.2410657659923,MACRITCHIE RESERVOIR PK
TP_0444,916.8395698002607,TOA PAYOH TOWN PK,1210.2012060096613,MACRITCHIE RESERVOIR PK
TP_0445,924.1864427044942,TOA PAYOH TOWN PK,1304.20332733073,MACRITCHIE RESERVOIR PK
TP_0446,937.2514142386506,TOA PAYOH TOWN PK,1399.037411584785,MACRITCHIE RESERVOIR PK
TP_0447,951.2221587366885,TOA PAYOH TOWN PK,1494.5450943371243,MACRITCHIE RESERVOIR PK
TP_0448,963.855295003215,TOA PAYOH TOWN PK,1590.6050418002806,MACRITCHIE RESERVOIR PK
TP_0449,982.8041665046045,TOA PAYOH TOWN PK,1687.1229234983978,MACRITCHIE RESERVOIR PK
TP_0450,1011.3313154905696,TOA PAYOH TOWN PK,1784.024416589383,MACRITCHIE RESERVOIR PK
TP_0451,1048.6553436115041,TOA PAYOH TOWN PK,1881.250243582814,MACRITCHIE RESERVOIR PK
TP_0452,974.1272911175821,CARMICHAEL RD PG,1978.7525967067497,MACRITCHIE RESERVOIR PK
TP_0453,881.0237109710242,CARMICHAEL RD PG,2009.477930965496,BISHAN-ANG MO KIO PARK (RIVER PLAINS)
TP_0454,789.6084974759524,CARMICHAEL RD PG,2041.0165543254573,BISHAN-ANG MO KIO PARK (RIVER PLAINS)
TP_0455,700.5429175142001,CARMICHAEL RD PG,2076.8956630085568,BISHAN-ANG MO KIO PARK (RIVER PLAINS)
TP_0456,614.8489076776372,CARMICHAEL RD PG,2116.894568705996,BISHAN-ANG MO KIO PARK (RIVER PLAINS)
TP_0457,534.1516444470238,CARMICHAEL RD PG,2160.784495272524,BISHAN-ANG MO KIO PARK (RIVER PLAINS)
TP_0458,461.08218275979397,CARMICHAEL RD PG,2208.3334564787374,BISHAN-ANG MO KIO PARK (RIVER PLAINS)
TP_0459,399.8096921695392,CARMICHAEL RD PG,2259.3104423687596,BISHAN-ANG MO KIO PARK (RIVER PLAINS)
TP_0460,347.915472243689,CARMICHAEL RD PG,2313.48885776217,BISHAN-ANG MO KIO PARK (RIVER PLAINS)
TP_0461,316.22718204421625,CARMICHAEL RD PG,2370.6492180377304,BISHAN-ANG MO KIO PARK (RIVER PLAINS)
TP_0462,313.22009938152996,CARMICHAEL RD PG,2430.5811516952267,BISHAN-ANG MO KIO PARK (RIVER PLAINS)
TP_0463,339.86221640977277,CARMICHAEL RD PG,2493.084786959578,BISHAN-ANG MO KIO PARK (RIVER PLAINS)
TP_0464,390.65781207605505,CARMICHAEL RD PG,2557.971613400445,BISHAN-ANG MO KIO PARK (RIVER PLAINS)
TP_0465,466.91495916379364,MACRITCHIE RESERVOIR PK,466.91495916379364,MACRITCHIE RESERVOIR PK
TP_0466,542.5577748813811,MACRITCHIE RESERVOIR PK,542.5577748813811,MACRITCHIE RESERVOIR PK
TP_0467,625.0826337993591,MACRITCHIE RESERVOIR PK,625.0826337993591,MACRITCHIE RESERVOIR PK
TP_0468,712.1008770327783,MACRITCHIE RESERVOIR PK,712.1008770327783,MACRITCHIE RESERVOIR PK
TP_0469,802.1514938365199,MACRITCHIE RESERVOIR PK,802.1514938365199,MACRITCHIE RESERVOIR PK
TP_0470,865.9841287884304,BINCHANG RISE PG,894.3189470527104,MACRITCHIE RESERVOIR PK
TP_0471,887.11538781974,BINCHANG RISE PG,988.0110014826641,MACRITCHIE RESERVOIR PK
TP_0472,917.212036950333,BINCHANG RISE PG,1082.831980985086,MACRITCHIE RESERVOIR PK
TP_0473,950.4826199596545,BINCHANG RISE PG,1178.5094225492614,MACRITCHIE RESERVOIR PK
TP_0474,992.2885723612188,BINCHANG RISE PG,1274.850508503135,MACRITCHIE RESERVOIR PK
TP_0475,1036.3590439758757,TOA PAYOH TOWN PK,1371.7154147358738,MACRITCHIE RESERVOIR PK
TP_0476,1050.253163288411,TOA PAYOH TOWN PK,1469.0005238315332,MACRITCHIE RESERVOIR PK
TP_0477,1062.9410175115313,TOA PAYOH TOWN PK,1566.6275559336452,MACRITCHIE RESERVOIR PK
TP_0478,1080.1809245273935,TOA PAYOH TOWN PK,1664.5363495592203,MACRITCHIE RESERVOIR PK
TP_0479,1048.9558371857063,KALLANG LINEAR PARK,1762.679953649341,MACRITCHIE RESERVOIR PK
TP_0480,1019.7422754593205,KALLANG LINEAR PARK,1860.926357563515,MACRITCHIE RESERVOIR PK
TP_0481,944.0989245362405,CARMICHAEL RD PG,1885.734497496969,BISHAN-ANG MO KIO PARK (RIVER PLAINS)
TP_0482,847.7037096200311,CARMICHAEL RD PG,1914.0902839321184,BISHAN-ANG MO KIO PARK (RIVER PLAINS)
TP_0483,752.2502105660313,CARMICHAEL RD PG,1947.174526085561,BISHAN-ANG MO KIO PARK (RIVER PLAINS)
TP_0484,658.148295819198,CARMICHAEL RD PG,1984.750779072708,BISHAN-ANG MO KIO PARK (RIVER PLAINS)
TP_0485,566.0724152286444,CARMICHAEL RD PG,2026.5691883138143,BISHAN-ANG MO KIO PARK (RIVER PLAINS)
TP_0486,477.19679302764297,CARMICHAEL RD PG,2072.372962334749,BISHAN-ANG MO KIO PARK (RIVER PLAINS)
TP_0487,393.6947793265023,CARMICHAEL RD PG,2121.9040305841577,BISHAN-ANG MO KIO PARK (RIVER PLAINS)
TP_0488,319.8036573618563,CARMICHAEL RD PG,2174.9077532167853,BISHAN-ANG MO KIO PARK (RIVER PLAINS)
TP_0489,261.45484994336476,CARMICHAEL RD PG,2231.1366509014365,BISHAN-ANG MO KIO PARK (RIVER PLAINS)
TP_0490,218.8205444516383,CARMICHAEL RD PG,2290.353198742253,BISHAN-ANG MO KIO PARK (RIVER PLAINS)
TP_0491,214.45193090075227,CARMICHAEL RD PG,2352.3317782536674,BISHAN-ANG MO KIO PARK (RIVER PLAINS)
TP_0492,251.34224904190842,CARMICHAEL RD PG,2416.8599080160297,BISHAN-ANG MO KIO PARK (RIVER PLAINS)
TP_0493,316.6702010745016,CARMICHAEL RD PG,2483.738882203289,BISHAN-ANG MO KIO PARK (RIVER PLAINS)
TP_0494,402.8735274265138,MACRITCHIE RESERVOIR PK,402.8735274265138,MACRITCHIE RESERVOIR PK
TP_0495,488.5349927020482,MACRITCHIE RESERVOIR PK,488.5349927020482,MACRITCHIE RESERVOIR PK
TP_0496,578.8141317277064,MACRITCHIE RESERVOIR PK,578.8141317277064,MACRITCHIE RESERVOIR PK
TP_0497,671.8520365980942,MACRITCHIE RESERVOIR PK,671.8520365980942,MACRITCHIE RESERVOIR PK
TP_0498,756.1819300466151,BINCHANG RISE PG,766.644975901046,MACRITCHIE RESERVOIR PK
TP_0499,767.3697357350854,BINCHANG RISE PG,862.614559967326,MACRITCHIE RESERVOIR PK
TP_0500,791.1393754043883,BINCHANG RISE PG,959.4077543260383,MACRITCHIE RESERVOIR PK
TP_0501,822.159723448351,BINCHANG RISE PG,1056.7982773709655,MACRITCHIE RESERVOIR PK
TP_0502,858.5837238464085,BINCHANG RISE PG,1154.6349895302621,MACRITCHIE RESERVOIR PK
TP_0503,904.6465668133952,BINCHANG RISE PG,1252.8133616149123,MACRITCHIE RESERVOIR PK
TP_0504,958.9602759450257,BINCHANG RISE PG,1351.2589237574584,MACRITCHIE RESERVOIR PK
TP_0505,1008.3076641578699,CLOVER WAY PG,1449.9172524759726,MACRITCHIE RESERVOIR PK
TP_0506,1045.7352477507345,KALLANG LINEAR PARK,1544.7052302314135,MACRITCHIE RESERVOIR PK
TP_0507,996.5581610630043,KALLANG LINEAR PARK,1639.6643645263273,MACRITCHIE RESERVOIR PK
TP_0508,955.3502647585665,KALLANG LINEAR PARK,1735.1490063115004,MACRITCHIE RESERVOIR PK
TP_0509,923.179337056051,KALLANG LINEAR PARK,1764.6494368749056,BISHAN-ANG MO KIO PARK (RIVER PLAINS)
TP_0510,899.9037868352538,KALLANG LINEAR PARK,1789.3391671385593,BISHAN-ANG MO KIO PARK (RIVER PLAINS)
TP_0511,825.2274712550288,CARMICHAEL RD PG,1819.1980857095537,BISHAN-ANG MO KIO PARK (RIVER PLAINS)
TP_0512,726.8281635345769,CARMICHAEL RD PG,1853.9764548241965,BISHAN-ANG MO KIO PARK (RIVER PLAINS)
TP_0513,628.934002340565,CARMICHAEL RD PG,1893.403209840864,BISHAN-ANG MO KIO PARK (RIVER PLAINS)
TP_0514,531.8240115801449,CARMICHAEL RD PG,1937.1945527047299,BISHAN-ANG MO KIO PARK (RIVER PLAINS)
TP_0515,436.0224527318225,CARMICHAEL RD PG,1985.0616501816942,BISHAN-ANG MO KIO PARK (RIVER PLAINS)
TP_0516,342.6286317273421,CARMICHAEL RD PG,2036.717156361006,BISHAN-ANG MO KIO PARK (RIVER PLAINS)
TP_0517,254.30921979438116,CARMICHAEL RD PG,2091.8804447215557,BISHAN-ANG MO KIO PARK (RIVER PLAINS)
TP_0518,178.75116577382963,CARMICHAEL RD PG,2150.281566446972,BISHAN-ANG MO KIO PARK (RIVER PLAINS)
TP_0519,124.34056393927436,CARMICHAEL RD PG,2211.664042072131,BISHAN-ANG MO KIO PARK (RIVER PLAINS)
TP_0520,117.18500830242355,CARMICHAEL RD PG,2275.7866453136653,BISHAN-ANG MO KIO PARK (RIVER PLAINS)
TP_0521,175.4420225786219,CARMICHAEL RD PG,2342.4243584332066,BISHAN-ANG MO KIO PARK (RIVER PLAINS)
TP_0522,249.75100207973588,CARMICHAEL RD PG,2411.1898538600867,BISHAN-ANG MO KIO PARK (RIVER PLAINS)
TP_0523,355.81537222446826,MACRITCHIE RESERVOIR PK,355.81537222446826,MACRITCHIE RESERVOIR PK
TP_0524,450.5151929786,MACRITCHIE RESERVOIR PK,450.5151929786,MACRITCHIE RESERVOIR PK
TP_0525,547.1044681757347,MACRITCHIE RESERVOIR PK,547.1044681757347,MACRITCHIE RESERVOIR PK
TP_0526,644.7345648335925,MACRITCHIE RESERVOIR PK,644.7345648335925,MACRITCHIE RESERVOIR PK
TP_0527,656.3070252082495,BINCHANG RISE PG,742.9953021954245,MACRITCHIE RESERVOIR PK
TP_0528,669.166729097325,BINCHANG RISE PG,841.6658357553658,MACRITCHIE RESERVOIR PK
TP_0529,696.0218130469333,BINCHANG RISE PG,940.6172117663417,MACRITCHIE RESERVOIR PK
TP_0530,727.801766189988,BINCHANG RISE PG,1039.7692527981364,MACRITCHIE RESERVOIR PK
TP_0531,768.7098352841357,BINCHANG RISE PG,1134.3705780478956,MACRITCHIE RESERVOIR PK
TP_0532,819.8379174299392,BINCHANG RISE PG,1228.487520626057,MACRITCHIE RESERVOIR PK
TP_0533,876.4367147283209,CLOVER WAY PG,1323.467630252889,MACRITCHIE RESERVOIR PK
TP_0534,918.6424470966507,CLOVER WAY PG,1419.0067160106873,MACRITCHIE RESERVOIR PK
TP_0535,962.2619125771254,KALLANG LINEAR PARK,1514.6181458799338,MACRITCHIE RESERVOIR PK
TP_0536,908.5779814576039,KALLANG LINEAR PARK,1610.6466365475685,MACRITCHIE RESERVOIR PK
TP_0537,863.1801135235685,KALLANG LINEAR PARK,1646.8092406455876,BISHAN-ANG MO KIO PARK (RIVER PLAINS)
TP_0538,827.4333014663763,KALLANG LINEAR PARK,1667.2515392312248,BISHAN-ANG MO KIO PARK (RIVER PLAINS)
TP_0539,802.2998101015465,KALLANG LINEAR PARK,1693.3619563052903,BISHAN-ANG MO KIO PARK (RIVER PLAINS)
TP_0540,781.1871322218117,KALLANG LINEAR PARK,1724.8831076496956,BISHAN-ANG MO KIO PARK (RIVER PLAINS)
TP_0541,714.6173656702256,CARMICHAEL RD PG,1761.5245541997033,BISHAN-ANG MO KIO PARK (RIVER PLAINS)
TP_0542,614.7818957244343,CARMICHAEL RD PG,1802.974147080777,BISHAN-ANG MO KIO PARK (RIVER PLAINS)
TP_0543,515.0102710661268,CARMICHAEL RD PG,1848.9085415549482,BISHAN-ANG MO KIO PARK (RIVER PLAINS)
TP_0544,415.34850342415064,CARMICHAEL RD PG,1899.002320964363,BISHAN-ANG MO KIO PARK (RIVER PLAINS)
TP_0545,315.90058450366615,CARMICHAEL RD PG,1952.9354405666434,BISHAN-ANG MO KIO PARK (RIVER PLAINS)
TP_0546,216.96077821310044,CARMICHAEL RD PG,2010.3989293208501,BISHAN-ANG MO KIO PARK (RIVER PLAINS)
TP_0547,119.7947380977579,CARMICHAEL RD PG,2071.098953456259,BISHAN-ANG MO KIO PARK (RIVER PLAINS)
TP_0548,39.27730039513485,CARMICHAEL RD PG,2134.7594466358037,BISHAN-ANG MO KIO PARK (RIVER PLAINS)
TP_0549,34.21314376282457,CARMICHAEL RD PG,2201.1235574119855,BISHAN-ANG MO KIO PARK (RIVER PLAINS)
TP_0550,108.53209650646994,CARMICHAEL RD PG,2269.790142583817,BISHAN-ANG MO KIO PARK (RIVER PLAINS)
TP_0551,195.18200727862916,CARMICHAEL RD PG,2340.321283790701,BISHAN-ANG MO KIO PARK (RIVER PLAINS)
TP_0552,333.0196377413677,MACRITCHIE RESERVOIR PK,333.0196377413677,MACRITCHIE RESERVOIR PK
TP_0553,432.7371478330698,MACRITCHIE RESERVOIR PK,432.7371478330698,MACRITCHIE RESERVOIR PK
TP_0554,532.5606060421746,MACRITCHIE RESERVOIR PK,532.5606060421746,MACRITCHIE RESERVOIR PK
TP_0555,559.1256668703994,BINCHANG RISE PG,632.4398462314947,MACRITCHIE RESERVOIR PK
TP_0556,556.4770537464952,BINCHANG RISE PG,726.2774734061007,MACRITCHIE RESERVOIR PK
TP_0557,571.5871861225464,BINCHANG RISE PG,818.4521662078912,MACRITCHIE RESERVOIR PK
TP_0558,600.9886361762143,BINCHANG RISE PG,912.2767827603801,MACRITCHIE RESERVOIR PK
TP_0559,635.1725835376265,BINCHANG RISE PG,1007.2903793628083,MACRITCHIE RESERVOIR PK
TP_0560,681.6623877486273,BINCHANG RISE PG,1102.8644257098742,MACRITCHIE RESERVOIR PK
TP_0561,738.8389613877011,BINCHANG RISE PG,1198.5690834734503,MACRITCHIE RESERVOIR PK
TP_0562,784.8040284684641,CLOVER WAY PG,1294.8676796690902,MACRITCHIE RESERVOIR PK
TP_0563,831.3384061956633,CLOVER WAY PG,1391.688459334502,MACRITCHIE RESERVOIR PK
TP_0564,882.2322644320398,KALLANG LINEAR PARK,1488.9295577152288,MACRITCHIE RESERVOIR PK
TP_0565,823.3466635615105,KALLANG LINEAR PARK,1532.9623984587727,BISHAN-ANG MO KIO PARK (RIVER PLAINS)
TP_0566,772.9590470334491,KALLANG LINEAR PARK,1548.4575341550906,BISHAN-ANG MO KIO PARK (RIVER PLAINS)
TP_0567,732.8244321690186,KALLANG LINEAR PARK,1570.180803307331,BISHAN-ANG MO KIO PARK (RIVER PLAINS)
TP_0568,704.6957776526949,KALLANG LINEAR PARK,1597.8782103364597,BISHAN-ANG MO KIO PARK (RIVER PLAINS)
TP_0569,683.010025956642,KALLANG LINEAR PARK,1631.2454735757087,BISHAN-ANG MO KIO PARK (RIVER PLAINS)
TP_0570,669.8791499595909,KALLANG LINEAR PARK,1669.942758017301,BISHAN-ANG MO KIO PARK (RIVER PLAINS)
TP_0571,616.7297457727626,CARMICHAEL RD PG,1713.6090088020724,BISHAN-ANG MO KIO PARK (RIVER PLAINS)
TP_0572,517.333914714677,CARMICHAEL RD PG,1761.8748125337431,BISHAN-ANG MO KIO PARK (RIVER PLAINS)
TP_0573,418.2121097414262,CARMICHAEL RD PG,1814.3731355578445,BISHAN-ANG MO KIO PARK (RIVER PLAINS)
TP_0574,319.48489956213734,CARMICHAEL RD PG,1870.7476834215768,BISHAN-ANG MO KIO PARK (RIVER PLAINS)
TP_0575,221.8999798140677,CARMICHAEL RD PG,1930.658932856963,BISHAN-ANG MO KIO PARK (RIVER PLAINS)
TP_0576,128.0960617456226,CARMICHAEL RD PG,1993.7880867869533,BISHAN-ANG MO KIO PARK (RIVER PLAINS)
TP_0577,59.67881697022975,CARMICHAEL RD PG,2059.8393031998326,BISHAN-ANG MO KIO PARK (RIVER PLAINS)
TP_0578,29.560275851264027,CARMICHAEL RD PG,2128.3933074935903,BISHAN-ANG MO KIO PARK (RIVER PLAINS)
TP_0579,86.39337927413536,CARMICHAEL RD PG,2198.912115428125,BISHAN-ANG MO KIO PARK (RIVER PLAINS)
TP_0580,183.79503795159908,CARMICHAEL RD PG,2271.644979165909,BISHAN-ANG MO KIO PARK (RIVER PLAINS)
TP_0581,328.87889627274933,MACRITCHIE RESERVOIR PK,328.87889627274933,MACRITCHIE RESERVOIR PK
TP_0582,412.9725274238252,MACRITCHIE RESERVOIR PK,412.9725274238252,MACRITCHIE RESERVOIR PK
TP_0583,484.2562455651303,BINCHANG RISE PG,502.9227459561382,MACRITCHIE RESERVOIR PK
TP_0584,459.9449003543215,BINCHANG RISE PG,596.0841118443794,MACRITCHIE RESERVOIR PK
TP_0585,456.7214811622698,BINCHANG RISE PG,691.1442457388674,MACRITCHIE RESERVOIR PK
TP_0586,475.0154853772332,BINCHANG RISE PG,786.7221354090609,MACRITCHIE RESERVOIR PK
TP_0587,505.93834692891494,BINCHANG RISE PG,882.6480430432081,MACRITCHIE RESERVOIR PK
TP_0588,545.1541166371763,BINCHANG RISE PG,979.3783885104018,MACRITCHIE RESERVOIR PK
TP_0589,598.6755472539003,BINCHANG RISE PG,1076.7063145883646,MACRITCHIE RESERVOIR PK
TP_0590,653.6711060977068,CLOVER WAY PG,1174.4832684494424,MACRITCHIE RESERVOIR PK
TP_0591,695.0864303315514,CLOVER WAY PG,1272.605755079283,MACRITCHIE RESERVOIR PK
TP_0592,747.2236249103535,CLOVER WAY PG,1370.9995871093975,MACRITCHIE RESERVOIR PK
TP_0593,806.6718963824028,KALLANG LINEAR PARK,1424.0669770418974,BISHAN-ANG MO KIO PARK (RIVER PLAINS)
TP_0594,741.8123134635664,KALLANG LINEAR PARK,1433.7760547220892,BISHAN-ANG MO KIO PARK (RIVER PLAINS)
TP_0595,685.4571236767148,KALLANG LINEAR PARK,1450.3312708094074,BISHAN-ANG MO KIO PARK (RIVER PLAINS)
TP_0596,639.8573500336944,KALLANG LINEAR PARK,1473.5018883872604,BISHAN-ANG MO KIO PARK (RIVER PLAINS)
TP_0597,607.4400286325624,KALLANG LINEAR PARK,1502.9819809545336,BISHAN-ANG MO KIO PARK (RIVER PLAINS)
TP_0598,585.3325850921684,KALLANG LINEAR PARK,1538.408871226114,BISHAN-ANG MO KIO PARK (RIVER PLAINS)
TP_0599,570.0766926992706,KALLANG LINEAR PARK,1579.3824347068057,BISHAN-ANG MO KIO PARK (RIVER PLAINS)
TP_0600,572.0339286722684,KALLANG LINEAR PARK,1625.483280459565,BISHAN-ANG MO KIO PARK (RIVER PLAINS)
TP_0601,537.9176526868308,CARMICHAEL RD PG,1676.2884343235146,BISHAN-ANG MO KIO PARK (RIVER PLAINS)
TP_0602,443.3107274422362,CARMICHAEL RD PG,1731.3838208323339,BISHAN-ANG MO KIO PARK (RIVER PLAINS)
TP_0603,351.70072655401117,CARMICHAEL RD PG,1790.3734121777957,BISHAN-ANG MO KIO PARK (RIVER PLAINS)
TP_0604,266.19992684423113,CARMICHAEL RD PG,1852.885310812937,BISHAN-ANG MO KIO PARK (RIVER PLAINS)
TP_0605,195.01641224555615,CARMICHAEL RD PG,1918.5752513309312,BISHAN-ANG MO KIO PARK (RIVER PLAINS)
TP_0606,155.0355744714,CARMICHAEL RD PG,1986.9999626060244,BISHAN-ANG MO KIO PARK (RIVER PLAINS)
TP_0607,126.83212830402952,CARMICHAEL RD PG,2057.5046224466746,BISHAN-ANG MO KIO PARK (RIVER PLAINS)
TP_0608,150.829668046688,CARMICHAEL RD PG,2130.3712567021084,BISHAN-ANG MO KIO PARK (RIVER PLAINS)
TP_0609,222.28987551397472,CARMICHAEL RD PG,2205.365754557645,BISHAN-ANG MO KIO PARK (RIVER PLAINS)
TP_0610,279.97072779663125,MACRITCHIE RESERVOIR PK,279.97072779663125,MACRITCHIE RESERVOIR PK
TP_0611,375.00195543805444,MACRITCHIE RESERVOIR PK,375.00195543805444,MACRITCHIE RESERVOIR PK
TP_0612,391.7038567304561,BINCHANG RISE PG,470.5877473164765,MACRITCHIE RESERVOIR PK
TP_0613,361.2161560210514,BINCHANG RISE PG,567.0690327619934,MACRITCHIE RESERVOIR PK
TP_0614,357.1026622187735,BINCHANG RISE PG,664.5914142620634,MACRITCHIE RESERVOIR PK
TP_0615,379.79841227281474,BINCHANG RISE PG,762.7556672382555,MACRITCHIE RESERVOIR PK
TP_0616,411.9737988049241,BINCHANG RISE PG,861.3423639281323,MACRITCHIE RESERVOIR PK
TP_0617,459.28401985596787,BINCHANG RISE PG,960.2213952472262,MACRITCHIE RESERVOIR PK
TP_0618,521.6907234064586,BINCHANG RISE PG,1059.3109023717998,MACRITCHIE RESERVOIR PK
TP_0619,561.3176595789841,CLOVER WAY PG,1158.5568815888944,MACRITCHIE RESERVOIR PK
TP_0620,608.5759982444933,CLOVER WAY PG,1257.9222980256811,MACRITCHIE RESERVOIR PK
TP_0621,667.5048656245073,CLOVER WAY PG,1321.347719229887,BISHAN-ANG MO KIO PARK (RIVER PLAINS)
TP_0622,732.3652131956072,CLOVER WAY PG,1324.2759588194656,BISHAN-ANG MO KIO PARK (RIVER PLAINS)
TP_0623,665.3354705819206,KALLANG LINEAR PARK,1334.7111429445724,BISHAN-ANG MO KIO PARK (RIVER PLAINS)
TP_0624,601.8614860642375,KALLANG LINEAR PARK,1352.4795211364933,BISHAN-ANG MO KIO PARK (RIVER PLAINS)
TP_0625,549.3661878933203,KALLANG LINEAR PARK,1377.2973081679895,BISHAN-ANG MO KIO PARK (RIVER PLAINS)
TP_0626,511.24276854878406,KALLANG LINEAR PARK,1408.7919985150331,BISHAN-ANG MO KIO PARK (RIVER PLAINS)
TP_0627,487.7286419579069,KALLANG LINEAR PARK,1446.5275369218425,BISHAN-ANG MO KIO PARK (RIVER PLAINS)
TP_0628,470.35815669263457,KALLANG LINEAR PARK,1490.0298436831272,BISHAN-ANG MO KIO PARK (RIVER PLAINS)
TP_0629,472.7284374358964,KALLANG LINEAR PARK,1538.8099151810648,BISHAN-ANG MO KIO PARK (RIVER PLAINS)
TP_0630,495.68897057920856,KALLANG LINEAR PARK,1592.3827979015434,BISHAN-ANG MO KIO PARK (RIVER PLAINS)
TP_0631,488.0032797797111,CARMICHAEL RD PG,1650.2817926178361,BISHAN-ANG MO KIO PARK (RIVER PLAINS)
TP_0632,406.5909505498243,CARMICHAEL RD PG,1712.0680521051522,BISHAN-ANG MO KIO PARK (RIVER PLAINS)
TP_0633,335.3881349455648,CARMICHAEL RD PG,1777.336218905225,BISHAN-ANG MO KIO PARK (RIVER PLAINS)
TP_0634,282.23075852131893,CARMICHAEL RD PG,1845.610910080774,BISHAN-ANG MO KIO PARK (RIVER PLAINS)
TP_0635,250.39217559875294,CARMICHAEL RD PG,1916.0991757741224,BISHAN-ANG MO KIO PARK (RIVER PLAINS)
TP_0636,226.3457284342511,CARMICHAEL RD PG,1989.1185161762885,BISHAN-ANG MO KIO PARK (RIVER PLAINS)
TP_0637,240.61502191961338,CARMICHAEL RD PG,2064.40037090397,BISHAN-ANG MO KIO PARK (RIVER PLAINS)
TP_0638,290.78993924536024,CARMICHAEL RD PG,2141.706168311035,BISHAN-ANG MO KIO PARK (RIVER PLAINS)
TP_0639,253.11461425062126,MACRITCHIE RESERVOIR PK,253.11461425062126,MACRITCHIE RESERVOIR PK
TP_0640,352.3939101920854,MACRITCHIE RESERVOIR PK,352.3939101920854,MACRITCHIE RESERVOIR PK
TP_0641,303.90740594166436,BINCHANG RISE PG,451.9910706349124,MACRITCHIE RESERVOIR PK
TP_0642,263.44811895191515,BINCHANG RISE PG,551.733982936452,MACRITCHIE RESERVOIR PK
TP_0643,257.7791911159885,BINCHANG RISE PG,651.555713596426,MACRITCHIE RESERVOIR PK
TP_0644,284.7652354020958,BINCHANG RISE PG,751.4248518071349,MACRITCHIE RESERVOIR PK
TP_0645,321.6694124568843,BINCHANG RISE PG,851.3247135532961,MACRITCHIE RESERVOIR PK
TP_0646,380.3821905710809,BINCHANG RISE PG,951.2456191225419,MACRITCHIE RESERVOIR PK
TP_0647,431.776000919721,CLOVER WAY PG,1051.1815675196435,MACRITCHIE RESERVOIR PK
TP_0648,471.5785678488734,CLOVER WAY PG,1151.1286408939193,MACRITCHIE RESERVOIR PK
TP_0649,526.8627389059739,CLOVER WAY PG,1226.3575478329308,BISHAN-ANG MO KIO PARK (RIVER PLAINS)
TP_0650,591.4297882198452,CLOVER WAY PG,1221.3516508851949,BISHAN-ANG MO KIO PARK (RIVER PLAINS)
TP_0651,658.7811660542668,CLOVER WAY PG,1224.5190382812275,BISHAN-ANG MO KIO PARK (RIVER PLAINS)
TP_0652,595.866653222651,KALLANG LINEAR PARK,1235.796866441396,BISHAN-ANG MO KIO PARK (RIVER PLAINS)
TP_0653,524.0448725211894,KALLANG LINEAR PARK,1254.966499592545,BISHAN-ANG MO KIO PARK (RIVER PLAINS)
TP_0654,462.8055622059184,KALLANG LINEAR PARK,1281.673880163264,BISHAN-ANG MO KIO PARK (RIVER PLAINS)
TP_0655,416.83923567932385,KALLANG LINEAR PARK,1315.4599785192813,BISHAN-ANG MO KIO PARK (RIVER PLAINS)
TP_0656,390.1246988236455,KALLANG LINEAR PARK,1355.7956981341767,BISHAN-ANG MO KIO PARK (RIVER PLAINS)
TP_0657,370.7912560668703,KALLANG LINEAR PARK,1402.1158993008855,BISHAN-ANG MO KIO PARK (RIVER PLAINS)
TP_0658,373.79343970826807,KALLANG LINEAR PARK,1453.8486905677369,BISHAN-ANG MO KIO PARK (RIVER PLAINS)
TP_0659,402.4387103177699,KALLANG LINEAR PARK,1510.4380275465505,BISHAN-ANG MO KIO PARK (RIVER PLAINS)
TP_0660,431.17468521024625,CHILTERN DRIVE INTERIM PARK,1571.3593017040712,BISHAN-ANG MO KIO PARK (RIVER PLAINS)
TP_0661,360.25675449516854,CHILTERN DRIVE INTERIM PARK,1636.1286853561053,BISHAN-ANG MO KIO PARK (RIVER PLAINS)
TP_0662,306.0363526652175,CHILTERN DRIVE INTERIM PARK,1704.2272182493803,BISHAN-ANG MO KIO PARK (RIVER PLAINS)
TP_0663,278.4262343598531,CHILTERN DRIVE INTERIM PARK,1774.696264552081,BISHAN-ANG MO KIO PARK (RIVER PLAINS)
TP_0664,282.6413020703047,CHILTERN DRIVE INTERIM PARK,1847.8915691696302,BISHAN-ANG MO KIO PARK (RIVER PLAINS)
TP_0665,313.02714156528987,CHILTERN DRIVE INTERIM PARK,1923.5019291389565,BISHAN-ANG MO KIO PARK (RIVER PLAINS)
TP_0666,336.21658017367014,CARMICHAEL RD PG,2001.25362995158,BISHAN-ANG MO KIO PARK (RIVER PLAINS)
TP_0667,254.1985684371079,JLN RIANG PG,2080.9066560966794,BISHAN-ANG MO KIO PARK (RIVER PLAINS)
TP_0668,258.6698821984097,MACRITCHIE RESERVOIR PK,258.6698821984097,MACRITCHIE RESERVOIR PK
TP_0669,296.244625478707,BINCHANG RISE PG,356.405061621978,MACRITCHIE RESERVOIR PK
TP_0670,225.337783307366,BINCHANG RISE PG,455.1252881822682,MACRITCHIE RESERVOIR PK
TP_0671,168.32323484290671,BINCHANG RISE PG,554.3045083130927,MACRITCHIE RESERVOIR PK
TP_0672,159.3044612717773,BINCHANG RISE PG,653.7338509894116,MACRITCHIE RESERVOIR PK
TP_0673,189.7320585313768,BINCHANG RISE PG,753.3142823036565,MACRITCHIE RESERVOIR PK
TP_0674,239.20704613149286,BINCHANG RISE PG,852.9928885494297,MACRITCHIE RESERVOIR PK
TP_0675,312.7035576791947,CLOVER WAY PG,952.7388560928574,MACRITCHIE RESERVOIR PK
TP_0676,337.9676241571902,CLOVER WAY PG,1052.533034114537,MACRITCHIE RESERVOIR PK
TP_0677,386.7892781122783,CLOVER WAY PG,1141.0284287166446,BISHAN-ANG MO KIO PARK (RIVER PLAINS)
TP_0678,450.4943632440833,CLOVER WAY PG,1126.8065029687955,BISHAN-ANG MO KIO PARK (RIVER PLAINS)
TP_0679,517.3660452355585,CLOVER WAY PG,1121.3562837590728,BISHAN-ANG MO KIO PARK (RIVER PLAINS)
TP_0680,592.9632575091912,CLOVER WAY PG,1124.8052876472218,BISHAN-ANG MO KIO PARK (RIVER PLAINS)
TP_0681,536.136967976524,KALLANG LINEAR PARK,1137.0725373134032,BISHAN-ANG MO KIO PARK (RIVER PLAINS)
TP_0682,454.98220671147897,KALLANG LINEAR PARK,1157.8777893653253,BISHAN-ANG MO KIO PARK (RIVER PLAINS)
TP_0683,382.85084356317356,KALLANG LINEAR PARK,1186.7720906301781,BISHAN-ANG MO KIO PARK (RIVER PLAINS)
TP_0684,325.7924621749561,KALLANG LINEAR PARK,1223.1823310904697,BISHAN-ANG MO KIO PARK (RIVER PLAINS)
TP_0685,292.5206761508057,KALLANG LINEAR PARK,1266.4604356572324,BISHAN-ANG MO KIO PARK (RIVER PLAINS)
TP_0686,271.54284299904094,KALLANG LINEAR PARK,1315.9289703773143,BISHAN-ANG MO KIO PARK (RIVER PLAINS)
TP_0687,275.6281835685405,KALLANG LINEAR PARK,1370.9179680314537,BISHAN-ANG MO KIO PARK (RIVER PLAINS)
TP_0688,313.3788052351089,KALLANG LINEAR PARK,1430.7910731706015,BISHAN-ANG MO KIO PARK (RIVER PLAINS)
TP_0689,374.7554610194168,KALLANG LINEAR PARK,1494.9615764486632,BISHAN-ANG MO KIO PARK (RIVER PLAINS)
TP_0690,290.5752728089775,CHILTERN DRIVE INTERIM PARK,1562.8503419825136,BISHAN-ANG MO KIO PARK (RIVER PLAINS)
TP_0691,219.78923804692747,CHILTERN DRIVE INTERIM PARK,1633.29654730179,BISHAN-ANG MO KIO PARK (RIVER PLAINS)
TP_0692,179.3896015784811,CHILTERN DRIVE INTERIM PARK,1706.696818834862,BISHAN-ANG MO KIO PARK (RIVER PLAINS)
TP_0693,184.3028794459337,CHILTERN DRIVE INTERIM PARK,1782.6863020212295,BISHAN-ANG MO KIO PARK (RIVER PLAINS)
TP_0694,228.0668572264558,CHILTERN DRIVE INTERIM PARK,1860.9478422049378,BISHAN-ANG MO KIO PARK (RIVER PLAINS)
TP_0695,300.10236813168063,CHILTERN DRIVE INTERIM PARK,1941.206658601887,BISHAN-ANG MO KIO PARK (RIVER PLAINS)
TP_0696,220.5996335525894,JLN RIANG PG,2023.2250768002534,BISHAN-ANG MO KIO PARK (RIVER PLAINS)
TP_0697,299.58839758214526,MACRITCHIE RESERVOIR PK,299.58839758214526,MACRITCHIE RESERVOIR PK
TP_0698,247.34162232349397,BINCHANG RISE PG,387.1274569945463,MACRITCHIE RESERVOIR PK
TP_0699,156.75419652073194,BINCHANG RISE PG,479.56451907151245,MACRITCHIE RESERVOIR PK
TP_0700,84.26817977623291,BINCHANG RISE PG,574.5403275188938,MACRITCHIE RESERVOIR PK
TP_0701,63.575011498696206,BINCHANG RISE PG,670.9776806561784,MACRITCHIE RESERVOIR PK
TP_0702,98.73910539524957,BINCHANG RISE PG,768.3264331857725,MACRITCHIE RESERVOIR PK
TP_0703,175.9795753135891,BINCHANG RISE PG,866.2793821425039,MACRITCHIE RESERVOIR PK
TP_0704,213.4832897288551,CLOVER WAY PG,964.6524907542741,MACRITCHIE RESERVOIR PK
TP_0705,248.24895906676085,CLOVER WAY PG,1063.3291531372831,MACRITCHIE RESERVOIR PK
TP_0706,309.5600401185366,CLOVER WAY PG,1042.9218259992174,BISHAN-ANG MO KIO PARK (RIVER PLAINS)
TP_0707,375.95561543557847,CLOVER WAY PG,1027.342666854022,BISHAN-ANG MO KIO PARK (RIVER PLAINS)
TP_0708,453.0788284291973,CLOVER WAY PG,1021.3618238077655,BISHAN-ANG MO KIO PARK (RIVER PLAINS)
TP_0709,535.6433168621927,CLOVER WAY PG,1025.1473041105442,BISHAN-ANG MO KIO PARK (RIVER PLAINS)
TP_0710,489.7230119561033,KALLANG LINEAR PARK,1038.5923238298597,BISHAN-ANG MO KIO PARK (RIVER PLAINS)
TP_0711,399.2425183173058,KALLANG LINEAR PARK,1061.329842749887,BISHAN-ANG MO KIO PARK (RIVER PLAINS)
TP_0712,314.57995553647544,KALLANG LINEAR PARK,1092.7799664638308,BISHAN-ANG MO KIO PARK (RIVER PLAINS)
TP_0713,241.92252565298148,KALLANG LINEAR PARK,1132.2168851849376,BISHAN-ANG MO KIO PARK (RIVER PLAINS)
TP_0714,195.17291925701187,KALLANG LINEAR PARK,1178.8392999434122,BISHAN-ANG MO KIO PARK (RIVER PLAINS)
TP_0715,173.15744021482158,KALLANG LINEAR PARK,1231.831609873795,BISHAN-ANG MO KIO PARK (RIVER PLAINS)
TP_0716,179.50001555890591,KALLANG LINEAR PARK,1290.4092897516884,BISHAN-ANG MO KIO PARK (RIVER PLAINS)
TP_0717,233.3573131036153,KALLANG LINEAR PARK,1353.8475376018707,BISHAN-ANG MO KIO PARK (RIVER PLAINS)
TP_0718,310.9517897877902,KALLANG LINEAR PARK,1421.482314855763,BISHAN-ANG MO KIO PARK (RIVER PLAINS)
TP_0719,243.07004993752577,CHILTERN DRIVE INTERIM PARK,1491.9009321804137,BISHAN-ANG MO KIO PARK (RIVER PLAINS)
TP_0720,151.51359401013661,CHILTERN DRIVE INTERIM PARK,1565.542976552824,BISHAN-ANG MO KIO PARK (RIVER PLAINS)
TP_0721,82.64193344244642,CHILTERN DRIVE INTERIM PARK,1641.9747962216,BISHAN-ANG MO KIO PARK (RIVER PLAINS)
TP_0722,89.42064292253166,CHILTERN DRIVE INTERIM PARK,1720.8247009559263,BISHAN-ANG MO KIO PARK (RIVER PLAINS)
TP_0723,161.378410494617,CHILTERN DRIVE INTERIM PARK,1801.7752555224922,BISHAN-ANG MO KIO PARK (RIVER PLAINS)
TP_0724,253.15989288759644,CHILTERN DRIVE INTERIM PARK,1884.5557809219208,BISHAN-ANG MO KIO PARK (RIVER PLAINS)
TP_0725,218.8944913251457,JLN RIANG PG,1968.9354766978322,BISHAN-ANG MO KIO PARK (RIVER PLAINS)
TP_0726,333.46795670494964,BINCHANG RISE PG,364.1377596118478,MACRITCHIE RESERVOIR PK
TP_0727,233.65546889002295,BINCHANG RISE PG,438.9883460507382,MACRITCHIE RESERVOIR PK
TP_0728,134.12262350348954,BINCHANG RISE PG,522.3267444441166,MACRITCHIE RESERVOIR PK
TP_0729,37.18706937500081,BINCHANG RISE PG,610.6878809627847,MACRITCHIE RESERVOIR PK
TP_0730,0.0,BINCHANG RISE PG,702.1781454503144,MACRITCHIE RESERVOIR PK
TP_0731,58.656134603260035,BINCHANG RISE PG,795.7189252124583,MACRITCHIE RESERVOIR PK
TP_0732,130.10808971179634,CLOVER WAY PG,890.6643969164236,MACRITCHIE RESERVOIR PK
TP_0733,115.61451034227127,CLOVER WAY PG,986.6091059420256,MACRITCHIE RESERVOIR PK
TP_0734,168.62591674775325,CLOVER WAY PG,972.4602691926892,BISHAN-ANG MO KIO PARK (RIVER PLAINS)
TP_0735,234.55836116499276,CLOVER WAY PG,945.2121429348593,BISHAN-ANG MO KIO PARK (RIVER PLAINS)
TP_0736,313.74910930957964,CLOVER WAY PG,927.9940814168485,BISHAN-ANG MO KIO PARK (RIVER PLAINS)
TP_0737,399.09092061088984,CLOVER WAY PG,921.3685663934342,BISHAN-ANG MO KIO PARK (RIVER PLAINS)
TP_0738,489.989574284146,CLOVER WAY PG,925.5631016473612,BISHAN-ANG MO KIO PARK (RIVER PLAINS)
TP_0739,448.98512030054314,KALLANG LINEAR PARK,940.4329189922453,BISHAN-ANG MO KIO PARK (RIVER PLAINS)
TP_0740,363.0156586714154,KALLANG LINEAR PARK,965.4849015481633,BISHAN-ANG MO KIO PARK (RIVER PLAINS)
TP_0741,267.10733504272804,KALLANG LINEAR PARK,999.9540564999264,BISHAN-ANG MO KIO PARK (RIVER PLAINS)
TP_0742,175.81890804636106,KALLANG LINEAR PARK,1042.907059667279,BISHAN-ANG MO KIO PARK (RIVER PLAINS)
TP_0743,102.36331579038156,KALLANG LINEAR PARK,1093.344481440795,BISHAN-ANG MO KIO PARK (RIVER PLAINS)
TP_0744,75.55349708056012,KALLANG LINEAR PARK,1150.2822154107369,BISHAN-ANG MO KIO PARK (RIVER PLAINS)
TP_0745,92.03051447211347,KALLANG LINEAR PARK,1212.8050936087893,BISHAN-ANG MO KIO PARK (RIVER PLAINS)
TP_0746,175.22840976078385,KALLANG LINEAR PARK,1280.095002363737,BISHAN-ANG MO KIO PARK (RIVER PLAINS)
TP_0747,270.07475924377763,KALLANG LINEAR PARK,1350.510707641234,BISHAN-ANG MO KIO PARK (RIVER PLAINS)
TP_0748,225.91393809003554,CHILTERN DRIVE INTERIM PARK,1424.4422036175124,BISHAN-ANG MO KIO PARK (RIVER PLAINS)
TP_0749,126.23988045174863,CHILTERN DRIVE INTERIM PARK,1501.3966869018338,BISHAN-ANG MO KIO PARK (RIVER PLAINS)
TP_0750,27.136919354785594,CHILTERN DRIVE INTERIM PARK,1580.9327725848725,BISHAN-ANG MO KIO PARK (RIVER PLAINS)
TP_0751,42.6613233535052,CHILTERN DRIVE INTERIM PARK,1662.680020757446,BISHAN-ANG MO KIO PARK (RIVER PLAINS)
TP_0752,141.67360969865973,CHILTERN DRIVE INTERIM PARK,1746.327939253985,BISHAN-ANG MO KIO PARK (RIVER PLAINS)
TP_0753,241.07764594726706,CHILTERN DRIVE INTERIM PARK,1831.4805655505486,BISHAN-ANG MO KIO PARK (RIVER PLAINS)
TP_0754,259.1628799451261,JLN RIANG PG,1917.0848724464217,BISHAN-ANG MO KIO PARK (RIVER PLAINS)
TP_0755,353.0125750700288,BINCHANG RISE PG,442.0852949199218,MACRITCHIE RESERVOIR PK
TP_0756,260.7908705281207,BINCHANG RISE PG,505.52336046681467,MACRITCHIE RESERVOIR PK
TP_0757,177.21468804152033,BINCHANG RISE PG,579.3689049050594,MACRITCHIE RESERVOIR PK
TP_0758,101.65040242023099,BINCHANG RISE PG,660.1384612065218,MACRITCHIE RESERVOIR PK
TP_0759,26.14607982319414,BINCHANG RISE PG,745.5851714977581,MACRITCHIE RESERVOIR PK
TP_0760,78.60595743905608,BINCHANG RISE PG,834.2731614708507,MACRITCHIE RESERVOIR PK
TP_0761,46.07696225643088,CLOVER WAY PG,925.2708619338421,MACRITCHIE RESERVOIR PK
TP_0762,27.69179337696985,CLOVER WAY PG,918.5162029986695,BISHAN-ANG MO KIO PARK (RIVER PLAINS)
TP_0763,93.23424696574632,CLOVER WAY PG,878.3046368796448,BISHAN-ANG MO KIO PARK (RIVER PLAINS)
TP_0764,175.54812142501794,CLOVER WAY PG,848.0365883365388,BISHAN-ANG MO KIO PARK (RIVER PLAINS)
TP_0765,267.4991510906005,CLOVER WAY PG,828.8021930175304,BISHAN-ANG MO KIO PARK (RIVER PLAINS)
TP_0766,363.57282052915696,CLOVER WAY PG,821.3769507016004,BISHAN-ANG MO KIO PARK (RIVER PLAINS)
TP_0767,453.83985641252144,KALLANG LINEAR PARK,826.0793637036642,BISHAN-ANG MO KIO PARK (RIVER PLAINS)
TP_0768,380.7434246666811,KALLANG LINEAR PARK,842.7064347269708,BISHAN-ANG MO KIO PARK (RIVER PLAINS)
TP_0769,307.6471093361314,KALLANG LINEAR PARK,870.5751863701571,BISHAN-ANG MO KIO PARK (RIVER PLAINS)
TP_0770,233.64717771120868,KALLANG LINEAR PARK,908.6518448320155,BISHAN-ANG MO KIO PARK (RIVER PLAINS)
TP_0771,152.6370480417912,KALLANG LINEAR PARK,955.7171103992105,BISHAN-ANG MO KIO PARK (RIVER PLAINS)
TP_0772,53.51534004588876,KALLANG LINEAR PARK,1010.5158163547012,BISHAN-ANG MO KIO PARK (RIVER PLAINS)
TP_0773,0.0,KALLANG LINEAR PARK,1071.8625075522511,BISHAN-ANG MO KIO PARK (RIVER PLAINS)
TP_0774,65.56192209218477,KALLANG LINEAR PARK,1138.699369934572,BISHAN-ANG MO KIO PARK (RIVER PLAINS)
TP_0775,163.116046397138,KALLANG LINEAR PARK,1209.1277647405445,BISHAN-ANG MO KIO PARK (RIVER PLAINS)
TP_0776,243.19033193231363,CHUAN LANE PARK,1283.4120037850487,BISHAN-ANG MO KIO PARK (RIVER PLAINS)
TP_0777,241.48107054561223,CHILTERN DRIVE INTERIM PARK,1360.9933105833557,BISHAN-ANG MO KIO PARK (RIVER PLAINS)
TP_0778,152.35651421904583,CHILTERN DRIVE INTERIM PARK,1441.3393810777984,BISHAN-ANG MO KIO PARK (RIVER PLAINS)
TP_0779,90.06612802880828,CHILTERN DRIVE INTERIM PARK,1524.0130023850913,BISHAN-ANG MO KIO PARK (RIVER PLAINS)
TP_0780,101.03204860665328,CHILTERN DRIVE INTERIM PARK,1608.6512007634074,BISHAN-ANG MO KIO PARK (RIVER PLAINS)
TP_0781,170.54815988082137,CHILTERN DRIVE INTERIM PARK,1694.0806970690937,BISHAN-ANG MO KIO PARK (RIVER PLAINS)
TP_0782,260.70265597383406,CHILTERN DRIVE INTERIM PARK,1780.507121068438,BISHAN-ANG MO KIO PARK (RIVER PLAINS)
TP_0783,326.21465072925434,JLN RIANG PG,1868.288470276667,BISHAN-ANG MO KIO PARK (RIVER PLAINS)
TP_0784,339.82327585666775,JLN PINTAU PG,527.5248885064406,MACRITCHIE RESERVOIR PK
TP_0785,318.30134443556346,BINCHANG RISE PG,581.7189768152311,MACRITCHIE RESERVOIR PK
TP_0786,234.90268144549188,CLOVER CRESCENT PG,646.924592189991,MACRITCHIE RESERVOIR PK
TP_0787,136.43485531021705,CLOVER CRESCENT PG,720.1568495636301,MACRITCHIE RESERVOIR PK
TP_0788,45.27327839639489,CLOVER CRESCENT PG,799.21232971385,MACRITCHIE RESERVOIR PK
TP_0789,19.256052006593865,CLOVER CRESCENT PG,882.5275111631742,MACRITCHIE RESERVOIR PK
TP_0790,8.772085230677344,CLOVER WAY PG,884.1182359751828,BISHAN-ANG MO KIO PARK (RIVER PLAINS)
TP_0791,4.864710375113257,CLOVER WAY PG,830.3084217187372,BISHAN-ANG MO KIO PARK (RIVER PLAINS)
TP_0792,54.74481043655665,CLOVER WAY PG,785.5947397801565,BISHAN-ANG MO KIO PARK (RIVER PLAINS)
TP_0793,153.74588075418433,CLOVER WAY PG,751.6023650597724,BISHAN-ANG MO KIO PARK (RIVER PLAINS)
TP_0794,253.50975492515968,CLOVER WAY PG,729.8308949041791,BISHAN-ANG MO KIO PARK (RIVER PLAINS)
TP_0795,353.40712476625197,CLOVER WAY PG,721.3876594105462,BISHAN-ANG MO KIO PARK (RIVER PLAINS)
TP_0796,385.9274811708161,KALLANG LINEAR PARK,726.737349489496,BISHAN-ANG MO KIO PARK (RIVER PLAINS)
TP_0797,312.5018562056199,KALLANG LINEAR PARK,745.5831242297597,BISHAN-ANG MO KIO PARK (RIVER PLAINS)
TP_0798,239.40542445977954,KALLANG LINEAR PARK,776.9435083256702,BISHAN-ANG MO KIO PARK (RIVER PLAINS)
TP_0799,166.3090983717197,KALLANG LINEAR PARK,819.3828379473129,BISHAN-ANG MO KIO PARK (RIVER PLAINS)
TP_0800,92.41381253722261,KALLANG LINEAR PARK,871.2836823422001,BISHAN-ANG MO KIO PARK (RIVER PLAINS)
TP_0801,18.150624539391742,KALLANG LINEAR PARK,931.0651293593673,BISHAN-ANG MO KIO PARK (RIVER PLAINS)
TP_0802,29.599610974403923,KALLANG LINEAR PARK,997.3110322773767,BISHAN-ANG MO KIO PARK (RIVER PLAINS)
TP_0803,113.68024193830155,KALLANG LINEAR PARK,1067.7549959982882,BISHAN-ANG MO KIO PARK (RIVER PLAINS)
TP_0804,121.75976256415258,CHUAN LANE PARK,1142.4785124773214,BISHAN-ANG MO KIO PARK (RIVER PLAINS)
TP_0805,148.99245788216797,CHUAN LANE PARK,1220.824955292724,BISHAN-ANG MO KIO PARK (RIVER PLAINS)
TP_0806,211.9318581499749,CHUAN LANE PARK,1302.1405421299846,BISHAN-ANG MO KIO PARK (RIVER PLAINS)
TP_0807,216.53932897743476,MEI HWAN CRESCENT PG,1385.9027424215808,BISHAN-ANG MO KIO PARK (RIVER PLAINS)
TP_0808,183.9067181680398,MEI HWAN CRESCENT PG,1471.2276360329786,BISHAN-ANG MO KIO PARK (RIVER PLAINS)
TP_0809,195.85319720182085,CHILTERN DRIVE INTERIM PARK,1557.2092371273075,BISHAN-ANG MO KIO PARK (RIVER PLAINS)
TP_0810,239.24396512190725,CHILTERN DRIVE INTERIM PARK,1644.7482507021925,BISHAN-ANG MO KIO PARK (RIVER PLAINS)
TP_0811,281.73084188985854,MEI HWAN DR PG,1733.232326104189,BISHAN-ANG MO KIO PARK (RIVER PLAINS)
TP_0812,332.4738595217453,MEI HWAN DR PG,1818.1666785101413,BISHAN-ANG MO KIO PARK (RIVER PLAINS)
TP_0813,241.28170013699366,JLN PINTAU PG,617.3537138489012,MACRITCHIE RESERVOIR PK
TP_0814,246.91393678700908,JLN PINTAU PG,664.2590368194157,MACRITCHIE RESERVOIR PK
TP_0815,206.67113302074006,PEMIMPIN PLACE PG,722.0488404460494,MACRITCHIE RESERVOIR PK
TP_0816,149.59368219084774,CLOVER CRESCENT PG,788.3330438226672,MACRITCHIE RESERVOIR PK
TP_0817,72.11791311219915,CLOVER CRESCENT PG,861.1523953261338,MACRITCHIE RESERVOIR PK
TP_0818,4.62155276609576,CLOVER CRESCENT PG,865.469671318146,BISHAN-ANG MO KIO PARK (RIVER PLAINS)
TP_0819,66.4909678818623,CLOVER CRESCENT PG,803.6900845256623,BISHAN-ANG MO KIO PARK (RIVER PLAINS)
TP_0820,104.7002672375271,CLOVER WAY PG,745.0853207405361,BISHAN-ANG MO KIO PARK (RIVER PLAINS)
TP_0821,122.0643431254705,CLOVER WAY PG,694.9094582578502,BISHAN-ANG MO KIO PARK (RIVER PLAINS)
TP_0822,189.0953986708377,CLOVER WAY PG,656.2363714161312,BISHAN-ANG MO KIO PARK (RIVER PLAINS)
TP_0823,276.62803507918727,CLOVER WAY PG,631.1839630112619,BISHAN-ANG MO KIO PARK (RIVER PLAINS)
TP_0824,370.52539695014303,CLOVER WAY PG,621.4018145739465,BISHAN-ANG MO KIO PARK (RIVER PLAINS)
TP_0825,328.15692974350316,KALLANG LINEAR PARK,627.6043619582205,BISHAN-ANG MO KIO PARK (RIVER PLAINS)
TP_0826,245.14359205057076,KALLANG LINEAR PARK,649.3337009136184,BISHAN-ANG MO KIO PARK (RIVER PLAINS)
TP_0827,171.1638559987183,KALLANG LINEAR PARK,685.114059945764,BISHAN-ANG MO KIO PARK (RIVER PLAINS)
TP_0828,98.06742425287796,KALLANG LINEAR PARK,732.8903704706179,BISHAN-ANG MO KIO PARK (RIVER PLAINS)
TP_0829,24.971087407307948,KALLANG LINEAR PARK,790.4905534677507,BISHAN-ANG MO KIO PARK (RIVER PLAINS)
TP_0830,25.8354194677631,KALLANG LINEAR PARK,855.9336043846756,BISHAN-ANG MO KIO PARK (RIVER PLAINS)
TP_0831,98.2206642042449,KALLANG LINEAR PARK,926.3970593067226,BISHAN-ANG MO KIO PARK (RIVER PLAINS)
TP_0832,90.23007050696617,CHUAN LANE PARK,1001.6825502549358,BISHAN-ANG MO KIO PARK (RIVER PLAINS)
TP_0833,23.563466589832778,CHUAN LANE PARK,1080.9830486544738,BISHAN-ANG MO KIO PARK (RIVER PLAINS)
TP_0834,72.45572795429243,CHUAN LANE PARK,1163.4778775169768,BISHAN-ANG MO KIO PARK (RIVER PLAINS)
TP_0835,167.2309555869305,CHUAN LANE PARK,1248.3982242322086,BISHAN-ANG MO KIO PARK (RIVER PLAINS)
TP_0836,134.0330015408308,MEI HWAN CRESCENT PG,1334.0148455747428,BISHAN-ANG MO KIO PARK (RIVER PLAINS)
TP_0837,84.66688251497604,MEI HWAN CRESCENT PG,1421.22897810561,BISHAN-ANG MO KIO PARK (RIVER PLAINS)
TP_0838,118.74713044173258,MEI HWAN CRESCENT PG,1509.9949325318532,BISHAN-ANG MO KIO PARK (RIVER PLAINS)
TP_0839,161.20256600287965,MEI HWAN DR PG,1595.343447329919,BISHAN-ANG MO KIO PARK (RIVER PLAINS)
TP_0840,192.7507906059779,MEI HWAN DR PG,1680.8728758402763,BISHAN-ANG MO KIO PARK (RIVER PLAINS)
TP_0841,261.0022509326485,MEI HWAN DR PG,1766.773517477739,BISHAN-ANG MO KIO PARK (RIVER PLAINS)
TP_0842,144.75447774780346,JLN PINTAU PG,709.907534832762,MACRITCHIE RESERVOIR PK
TP_0843,151.49763096060965,JLN PINTAU PG,751.0547037370554,MACRITCHIE RESERVOIR PK
TP_0844,118.27660446183833,PEMIMPIN PLACE PG,802.6192297713673,MACRITCHIE RESERVOIR PK
TP_0845,74.77092791523667,PEMIMPIN PLACE PG,862.7352363222507,MACRITCHIE RESERVOIR PK
TP_0846,105.44580080053322,PEMIMPIN PLACE PG,860.6127165950543,BISHAN-ANG MO KIO PARK (RIVER PLAINS)
TP_0847,98.97891910997926,CLOVER CRESCENT PG,791.4970801955583,BISHAN-ANG MO KIO PARK (RIVER PLAINS)
TP_0848,134.3771796900732,CLOVER CRESCENT PG,724.5005534647551,BISHAN-ANG MO KIO PARK (RIVER PLAINS)
TP_0849,204.53582409994098,CLOVER WAY PG,663.9971349252905,BISHAN-ANG MO KIO PARK (RIVER PLAINS)
TP_0850,215.29914972117476,CLOVER WAY PG,607.1566644468181,BISHAN-ANG MO KIO PARK (RIVER PLAINS)
TP_0851,260.29035672973214,CLOVER WAY PG,562.4822087634217,BISHAN-ANG MO KIO PARK (RIVER PLAINS)
TP_0852,329.4192917844676,CLOVER WAY PG,533.0415135508388,BISHAN-ANG MO KIO PARK (RIVER PLAINS)
TP_0853,358.5875396467508,KALLANG LINEAR PARK,521.4213988337652,BISHAN-ANG MO KIO PARK (RIVER PLAINS)
TP_0854,274.1498206399564,KALLANG LINEAR PARK,528.7979719656195,BISHAN-ANG MO KIO PARK (RIVER PLAINS)
TP_0855,189.9598468655955,KALLANG LINEAR PARK,554.4134875236564,BISHAN-ANG MO KIO PARK (RIVER PLAINS)
TP_0856,105.8482587335423,KALLANG LINEAR PARK,595.9205778804211,BISHAN-ANG MO KIO PARK (RIVER PLAINS)
TP_0857,29.825855791816746,KALLANG LINEAR PARK,650.2832883709426,BISHAN-ANG MO KIO PARK (RIVER PLAINS)
TP_0858,30.49515034443241,KALLANG LINEAR PARK,714.5735617329527,BISHAN-ANG MO KIO PARK (RIVER PLAINS)
TP_0859,101.16896909171179,KALLANG LINEAR PARK,785.061966665678,BISHAN-ANG MO KIO PARK (RIVER PLAINS)
TP_0860,167.21032043982336,KALLANG LINEAR PARK,861.091581365229,BISHAN-ANG MO KIO PARK (RIVER PLAINS)
TP_0861,87.75144484664186,CHUAN LANE PARK,941.6130476427987,BISHAN-ANG MO KIO PARK (RIVER PLAINS)
TP_0862,35.41082244609378,CHUAN LANE PARK,1025.5688916324677,BISHAN-ANG MO KIO PARK (RIVER PLAINS)
TP_0863,80.95293522282105,CHUAN LANE PARK,1110.9863222528884,BISHAN-ANG MO KIO PARK (RIVER PLAINS)
TP_0864,175.7928915043091,CHUAN LANE PARK,1197.7423797404472,BISHAN-ANG MO KIO PARK (RIVER PLAINS)
TP_0865,77.13394524749671,MEI HWAN CRESCENT PG,1286.42256207656,BISHAN-ANG MO KIO PARK (RIVER PLAINS)
TP_0866,0.0,MEI HWAN CRESCENT PG,1372.7733516343244,BISHAN-ANG MO KIO PARK (RIVER PLAINS)
TP_0867,77.81324108209736,MEI HWAN CRESCENT PG,1457.9733116994896,BISHAN-ANG MO KIO PARK (RIVER PLAINS)
TP_0868,61.374809923728954,MEI HWAN DR PG,1543.647259602845,BISHAN-ANG MO KIO PARK (RIVER PLAINS)
TP_0869,119.90349084551816,MEI HWAN DR PG,1630.2703826477905,BISHAN-ANG MO KIO PARK (RIVER PLAINS)
TP_0870,195.97470932801158,MEI HWAN DR PG,1716.4996318297133,BISHAN-ANG MO KIO PARK (RIVER PLAINS)
TP_0871,55.506028685335316,JLN PINTAU PG,796.3576750603871,CENTRAL CATCHMENT NATURE RESERVE
TP_0872,70.26074432921297,JLN PINTAU PG,840.789074628622,MACRITCHIE RESERVOIR PK
TP_0873,68.21477806549134,PEMIMPIN PLACE PG,887.1531592730092,MACRITCHIE RESERVOIR PK
TP_0874,0.0,PEMIMPIN PLACE PG,851.4106928672325,BISHAN-ANG MO KIO PARK (RIVER PLAINS)
TP_0875,77.36347238770169,PEMIMPIN PLACE PG,785.6217740879024,BISHAN-ANG MO KIO PARK (RIVER PLAINS)
TP_0876,177.1455197730808,PEMIMPIN PLACE PG,719.2271601961689,BISHAN-ANG MO KIO PARK (RIVER PLAINS)
TP_0877,218.57819294056202,CLOVER CRESCENT PG,650.3954825136803,BISHAN-ANG MO KIO PARK (RIVER PLAINS)
TP_0878,275.74775868978514,CLOVER CRESCENT PG,583.750247939933,BISHAN-ANG MO KIO PARK (RIVER PLAINS)
TP_0879,312.74229627389553,CLOVER WAY PG,523.812251849986,BISHAN-ANG MO KIO PARK (RIVER PLAINS)
TP_0880,345.62601735386096,CLOVER WAY PG,471.30276381678965,BISHAN-ANG MO KIO PARK (RIVER PLAINS)
TP_0881,395.8954966651034,KALLANG LINEAR PARK,435.7445526619192,BISHAN-ANG MO KIO PARK (RIVER PLAINS)
TP_0882,305.51828795114506,KALLANG LINEAR PARK,421.4502760323305,BISHAN-ANG MO KIO PARK (RIVER PLAINS)
TP_0883,220.574904784403,KALLANG LINEAR PARK,430.54309326816417,BISHAN-ANG MO KIO PARK (RIVER PLAINS)
TP_0884,136.13718577760855,KALLANG LINEAR PARK,461.6431253188014,BISHAN-ANG MO KIO PARK (RIVER PLAINS)
TP_0885,51.76276398768786,KALLANG LINEAR PARK,510.74592034327804,BISHAN-ANG MO KIO PARK (RIVER PLAINS)
TP_0886,9.203672318144177,KALLANG LINEAR PARK,573.2437658976272,BISHAN-ANG MO KIO PARK (RIVER PLAINS)
TP_0887,89.46855227908527,KALLANG LINEAR PARK,643.7647641163821,BISHAN-ANG MO KIO PARK (RIVER PLAINS)
TP_0888,163.18710724415416,KALLANG LINEAR PARK,720.825562470498,BISHAN-ANG MO KIO PARK (RIVER PLAINS)
TP_0889,227.42804595522105,CHUAN LANE PARK,802.9607160403293,BISHAN-ANG MO KIO PARK (RIVER PLAINS)
TP_0890,163.07352967363389,CHUAN LANE PARK,888.1452917567377,BISHAN-ANG MO KIO PARK (RIVER PLAINS)
TP_0891,131.8254062595733,CHUAN LANE PARK,974.3109402267345,BISHAN-ANG MO KIO PARK (RIVER PLAINS)
TP_0892,149.8489830753001,CHUAN LANE PARK,1062.8160745109262,BISHAN-ANG MO KIO PARK (RIVER PLAINS)
TP_0893,192.51354085500103,MEI HWAN CRESCENT PG,1150.3718947817154,BISHAN-ANG MO KIO PARK (RIVER PLAINS)
TP_0894,95.23854634514045,MEI HWAN CRESCENT PG,1235.073747558703,BISHAN-ANG MO KIO PARK (RIVER PLAINS)
TP_0895,0.0,MEI HWAN CRESCENT PG,1320.6795146422658,BISHAN-ANG MO KIO PARK (RIVER PLAINS)
TP_0896,48.4619136034861,MEI HWAN DR PG,1407.0237027995045,BISHAN-ANG MO KIO PARK (RIVER PLAINS)
TP_0897,0.0,MEI HWAN DR PG,1493.456320952754,BISHAN-ANG MO KIO PARK (RIVER PLAINS)
TP_0898,55.06921249131667,MEI HWAN DR PG,1580.034805339245,BISHAN-ANG MO KIO PARK (RIVER PLAINS)
TP_0899,140.4336979818254,MEI HWAN DR PG,1668.0437159255675,BISHAN-ANG MO KIO PARK (RIVER PLAINS)
TP_0900,0.0,JLN PINTAU PG,851.411767278902,CENTRAL CATCHMENT NATURE RESERVE
TP_0901,36.29909224238013,JLN PINTAU PG,905.4392064742431,BISHAN-ANG MO KIO PARK (RIVER PLAINS)
TP_0902,98.54744691096013,PEMIMPIN PLACE PG,840.9813185687582,BISHAN-ANG MO KIO PARK (RIVER PLAINS)
TP_0903,34.69974832893484,PEMIMPIN PLACE PG,775.7211117229734,BISHAN-ANG MO KIO PARK (RIVER PLAINS)
TP_0904,90.51382823159993,PEMIMPIN PLACE PG,710.3116188748867,BISHAN-ANG MO KIO PARK (RIVER PLAINS)
TP_0905,185.75455066909046,PEMIMPIN PLACE PG,644.521347870099,BISHAN-ANG MO KIO PARK (RIVER PLAINS)
TP_0906,284.2828751216151,PEMIMPIN PLACE PG,577.8591246684366,BISHAN-ANG MO KIO PARK (RIVER PLAINS)
TP_0907,354.62096163388776,CLOVER CRESCENT PG,509.2939295440957,BISHAN-ANG MO KIO PARK (RIVER PLAINS)
TP_0908,411.41434574729806,CLOVER WAY PG,443.4271664762211,BISHAN-ANG MO KIO PARK (RIVER PLAINS)
TP_0909,384.5339454291542,BISHAN-ANG MO KIO PARK (RIVER PLAINS),384.5339454291542,BISHAN-ANG MO KIO PARK (RIVER PLAINS)
TP_0910,340.01966881417786,BISHAN-ANG MO KIO PARK (RIVER PLAINS),340.01966881417786,BISHAN-ANG MO KIO PARK (RIVER PLAINS)
TP_0911,271.3422272322001,KALLANG LINEAR PARK,321.497115342727,BISHAN-ANG MO KIO PARK (RIVER PLAINS)
TP_0912,173.8815236654569,KALLANG LINEAR PARK,333.3277893708927,BISHAN-ANG MO KIO PARK (RIVER PLAINS)
TP_0913,82.56226992205514,KALLANG LINEAR PARK,372.631768855096,BISHAN-ANG MO KIO PARK (RIVER PLAINS)
TP_0914,0.0,KALLANG LINEAR PARK,431.9739056392981,BISHAN-ANG MO KIO PARK (RIVER PLAINS)
TP_0915,63.219352111400184,KALLANG LINEAR PARK,502.53741306559465,BISHAN-ANG MO KIO PARK (RIVER PLAINS)
TP_0916,147.37579112751925,KALLANG LINEAR PARK,581.1198426518825,BISHAN-ANG MO KIO PARK (RIVER PLAINS)
TP_0917,230.87683655916584,KALLANG LINEAR PARK,665.3158922882126,BISHAN-ANG MO KIO PARK (RIVER PLAINS)
TP_0918,301.0252084038054,CHUAN LANE PARK,750.9838934788795,BISHAN-ANG MO KIO PARK (RIVER PLAINS)
TP_0919,255.9016140780708,CHUAN LANE PARK,839.2097522419577,BISHAN-ANG MO KIO PARK (RIVER PLAINS)
TP_0920,230.8230442200537,CHUAN LANE PARK,927.009113398036,BISHAN-ANG MO KIO PARK (RIVER PLAINS)
TP_0921,231.44436193971222,TAI HWAN TERRACE PG,1012.3208063594511,BISHAN-ANG MO KIO PARK (RIVER PLAINS)
TP_0922,175.31654602324727,TAI HWAN TERRACE PG,1097.7799448888381,BISHAN-ANG MO KIO PARK (RIVER PLAINS)
TP_0923,112.79756780399151,TAI HWAN TERRACE PG,1183.7770229512184,BISHAN-ANG MO KIO PARK (RIVER PLAINS)
TP_0924,68.78970613685303,MEI HWAN CRESCENT PG,1270.4327663869124,BISHAN-ANG MO KIO PARK (RIVER PLAINS)
TP_0925,58.66708445274777,MEI HWAN DR PG,1356.6883157535524,BISHAN-ANG MO KIO PARK (RIVER PLAINS)
TP_0926,28.9696371349321,MEI HWAN DR PG,1444.4837964675298,BISHAN-ANG MO KIO PARK (RIVER PLAINS)
TP_0927,49.22900483034121,MEI HWAN DR PG,1533.631389301385,BISHAN-ANG MO KIO PARK (RIVER PLAINS)
TP_0928,136.85403829964864,MEI HWAN DR PG,1624.0434225240854,BISHAN-ANG MO KIO PARK (RIVER PLAINS)
TP_0929,60.82282153796848,JLN PINTAU PG,871.0983151854341,BISHAN-ANG MO KIO PARK (POND GARDENS)
TP_0930,105.0771674724951,JLN PINTAU PG,827.5503774069628,BISHAN-ANG MO KIO PARK (RIVER PLAINS)
TP_0931,164.1845891051737,PEMIMPIN PLACE PG,764.5275371922693,BISHAN-ANG MO KIO PARK (RIVER PLAINS)
TP_0932,134.48744380443478,PEMIMPIN PLACE PG,699.7193149719242,BISHAN-ANG MO KIO PARK (RIVER PLAINS)
TP_0933,160.55523121188003,PEMIMPIN PLACE PG,634.808757986621,BISHAN-ANG MO KIO PARK (RIVER PLAINS)
TP_0934,228.81248458344774,PEMIMPIN PLACE PG,569.2104540741541,BISHAN-ANG MO KIO PARK (RIVER PLAINS)
TP_0935,314.1132806717771,PEMIMPIN PLACE PG,503.4221721551786,BISHAN-ANG MO KIO PARK (RIVER PLAINS)
TP_0936,406.1762586458282,PEMIMPIN PLACE PG,436.5256326509337,BISHAN-ANG MO KIO PARK (RIVER PLAINS)
TP_0937,368.14349687880974,BISHAN-ANG MO KIO PARK (RIVER PLAINS),368.14349687880974,BISHAN-ANG MO KIO PARK (RIVER PLAINS)
TP_0938,304.1232512786998,BISHAN-ANG MO KIO PARK (RIVER PLAINS),304.1232512786998,BISHAN-ANG MO KIO PARK (RIVER PLAINS)
TP_0939,247.69625589917644,BISHAN-ANG MO KIO PARK (RIVER PLAINS),247.69625589917644,BISHAN-ANG MO KIO PARK (RIVER PLAINS)
TP_0940,221.5862251577516,BISHAN-ANG MO KIO PARK (RIVER PLAINS),221.5862251577516,BISHAN-ANG MO KIO PARK (RIVER PLAINS)
TP_0941,174.69964017980394,KALLANG LINEAR PARK,238.427085652728,BISHAN-ANG MO KIO PARK (RIVER PLAINS)
TP_0942,83.92721440429362,KALLANG LINEAR PARK,290.85132828654025,BISHAN-ANG MO KIO PARK (RIVER PLAINS)
TP_0943,37.68539155056464,KALLANG LINEAR PARK,361.46179817997233,BISHAN-ANG MO KIO PARK (RIVER PLAINS)
TP_0944,118.04206620740473,KALLANG LINEAR PARK,442.50542543181064,BISHAN-ANG MO KIO PARK (RIVER PLAINS)
TP_0945,201.39147249598366,KALLANG LINEAR PARK,527.8937471536206,BISHAN-ANG MO KIO PARK (RIVER PLAINS)
TP_0946,285.54791049067444,KALLANG LINEAR PARK,615.6037753922582,BISHAN-ANG MO KIO PARK (RIVER PLAINS)
TP_0947,369.7043507545383,KALLANG LINEAR PARK,703.8013187983892,BISHAN-ANG MO KIO PARK (RIVER PLAINS)
TP_0948,317.6043020707974,TAI HWAN TERRACE PG,790.0502357490162,BISHAN-ANG MO KIO PARK (RIVER PLAINS)
TP_0949,226.39808454780606,TAI HWAN TERRACE PG,874.8803807480513,BISHAN-ANG MO KIO PARK (RIVER PLAINS)
TP_0950,147.1043598264604,TAI HWAN TERRACE PG,960.572569943966,BISHAN-ANG MO KIO PARK (RIVER PLAINS)
TP_0951,107.26406023984885,TAI HWAN TERRACE PG,1047.2919305996877,BISHAN-ANG MO KIO PARK (RIVER PLAINS)
TP_0952,40.35937803899202,TAI HWAN TERRACE PG,1133.444478623014,BISHAN-ANG MO KIO PARK (RIVER PLAINS)
TP_0953,60.046156375457755,TAI HWAN TERRACE PG,1220.9410461917153,BISHAN-ANG MO KIO PARK (RIVER PLAINS)
TP_0954,132.16060988471878,MEI HWAN DR PG,1310.0339072974289,BISHAN-ANG MO KIO PARK (RIVER PLAINS)
TP_0955,127.22871439859011,MEI HWAN DR PG,1400.6000993367868,BISHAN-ANG MO KIO PARK (RIVER PLAINS)
TP_0956,138.8878708590777,MEI HWAN DR PG,1492.371414311955,BISHAN-ANG MO KIO PARK (RIVER PLAINS)
TP_0957,190.56315204339379,MEI HWAN DR PG,1585.1385549057575,BISHAN-ANG MO KIO PARK (RIVER PLAINS)
TP_0958,160.6769725852011,JLN PINTAU PG,772.1906117669099,BISHAN-ANG MO KIO PARK (POND GARDENS)
TP_0959,191.161702292275,JLN PINTAU PG,750.6216077220342,BISHAN-ANG MO KIO PARK (RIVER PLAINS)
TP_0960,242.52757390588806,JLN PINTAU PG,686.8421413573878,BISHAN-ANG MO KIO PARK (RIVER PLAINS)
TP_0961,234.45612073053368,PEMIMPIN PLACE PG,623.6158679102957,BISHAN-ANG MO KIO PARK (RIVER PLAINS)
TP_0962,251.01988422525827,PEMIMPIN PLACE PG,558.5112888232546,BISHAN-ANG MO KIO PARK (RIVER PLAINS)
TP_0963,300.0419675136021,PEMIMPIN PLACE PG,493.8957294189801,BISHAN-ANG MO KIO PARK (RIVER PLAINS)
TP_0964,369.4828184115757,PEMIMPIN PLACE PG,428.109293660459,BISHAN-ANG MO KIO PARK (RIVER PLAINS)
TP_0965,362.3207560328493,BISHAN-ANG MO KIO PARK (RIVER PLAINS),362.3207560328493,BISHAN-ANG MO KIO PARK (RIVER PLAINS)
TP_0966,295.2762908870675,BISHAN-ANG MO KIO PARK (RIVER PLAINS),295.2762908870675,BISHAN-ANG MO KIO PARK (RIVER PLAINS)
TP_0967,226.7543038032772,BISHAN-ANG MO KIO PARK (RIVER PLAINS),226.7543038032772,BISHAN-ANG MO KIO PARK (RIVER PLAINS)
TP_0968,164.55259432204562,BISHAN-ANG MO KIO PARK (RIVER PLAINS),164.55259432204562,BISHAN-ANG MO KIO PARK (RIVER PLAINS)
TP_0969,121.8216531887041,BISHAN-ANG MO KIO PARK (RIVER PLAINS),121.8216531887041,BISHAN-ANG MO KIO PARK (RIVER PLAINS)
TP_0970,150.29150068723249,BISHAN-ANG MO KIO PARK (RIVER PLAINS),150.29150068723249,BISHAN-ANG MO KIO PARK (RIVER PLAINS)
TP_0971,153.3753198844677,KALLANG LINEAR PARK,220.82891920293866,BISHAN-ANG MO KIO PARK (RIVER PLAINS)
TP_0972,133.02920259471765,KALLANG LINEAR PARK,305.0629474804966,BISHAN-ANG MO KIO PARK (RIVER PLAINS)
TP_0973,178.52044346883656,KALLANG LINEAR PARK,391.99873506989223,BISHAN-ANG MO KIO PARK (RIVER PLAINS)
TP_0974,256.66996485182557,KALLANG LINEAR PARK,480.87263148094377,BISHAN-ANG MO KIO PARK (RIVER PLAINS)
TP_0975,339.96877846933916,KALLANG LINEAR PARK,567.9935706984808,BISHAN-ANG MO KIO PARK (RIVER PLAINS)
TP_0976,398.1985593985912,TAI HWAN TERRACE PG,651.9817137153175,BISHAN-ANG MO KIO PARK (RIVER PLAINS)
TP_0977,298.2376446730871,TAI HWAN TERRACE PG,737.5865780781863,BISHAN-ANG MO KIO PARK (RIVER PLAINS)
TP_0978,198.31614329949988,TAI HWAN TERRACE PG,824.0452507514017,BISHAN-ANG MO KIO PARK (RIVER PLAINS)
TP_0979,98.55400898098961,TAI HWAN TERRACE PG,910.366542800319,BISHAN-ANG MO KIO PARK (RIVER PLAINS)
TP_0980,9.097418701619105,TAI HWAN TERRACE PG,997.4140344573112,BISHAN-ANG MO KIO PARK (RIVER PLAINS)
TP_0981,0.0,TAI HWAN TERRACE PG,1086.4402598796864,BISHAN-ANG MO KIO PARK (RIVER PLAINS)
TP_0982,55.239452237130685,TAI HWAN TERRACE PG,1177.2188574265572,BISHAN-ANG MO KIO PARK (RIVER PLAINS)
TP_0983,155.2359400292157,TAI HWAN TERRACE PG,1269.384117701942,BISHAN-ANG MO KIO PARK (RIVER PLAINS)
TP_0984,224.65401577788575,MEI HWAN DR PG,1362.6547025080072,BISHAN-ANG MO KIO PARK (RIVER PLAINS)
TP_0985,236.8237518724647,MEI HWAN DR PG,1456.8183271295136,BISHAN-ANG MO KIO PARK (RIVER PLAINS)
TP_0986,162.57585426280409,COLCHESTER GROVE INTERIM OS,1551.6274461680255,BISHAN-ANG MO KIO PARK (RIVER PLAINS)
